Standard name,Sc∆ essentiality,Sp∆ essentiality,Final usage in training
S000001608,Ess,Ess,Essential
S000001353,Ess,Ess,Essential
S000001284,Ess,Ess,Essential
S000001283,Ess,Ess,Essential
S000003280,Ess,Ess,Essential
S000006014,Ess,Ess,Essential
S000000914,Ess,Ess,Essential
S000002552,Ess,Ess,Essential
S000001288,Ess,Ess,Essential
S000003605,Ess,Ess,Essential
S000000180,Ess,Ess,Essential
S000002739,Ess,Ess,Essential
S000002736,Ess,Ess,Essential
S000003608,Ess,Ess,Essential
S000002895,Ess,Ess,Essential
S000004881,Ess,Ess,Essential
S000006259,Ess,Ess,Essential
S000004401,Ess,Ess,Essential
S000001340,Ess,Ess,Essential
S000001345,Ess,Ess,Essential
S000005133,Ess,Ess,Essential
S000003730,Ess,Ess,Essential
S000003292,Ess,Ess,Essential
S000005820,Ess,Ess,Essential
S000003617,Ess,Ess,Essential
S000000406,Ess,Ess,Essential
S000000402,Ess,Ess,Essential
S000000400,Ess,Ess,Essential
S000003478,Ess,Ess,Essential
S000003510,Ess,Ess,Essential
S000003041,Ess,Ess,Essential
S000001655,Ess,Ess,Essential
S000001656,Ess,Ess,Essential
S000005318,Ess,Ess,Essential
S000000193,Ess,Ess,Essential
S000005583,Ess,Ess,Essential
S000000605,Ess,Ess,Essential
S000004873,Ess,Ess,Essential
S000004477,Ess,Ess,Essential
S000004470,Ess,Ess,Essential
S000001627,Ess,Ess,Essential
S000003853,Ess,Ess,Essential
S000001628,Ess,Ess,Essential
S000005005,Ess,Ess,Essential
S000005122,Ess,Ess,Essential
S000005126,Ess,Ess,Essential
S000005125,Ess,Ess,Essential
S000006341,Ess,Ess,Essential
S000006347,Ess,Ess,Essential
S000006348,Ess,Ess,Essential
S000005837,Ess,Ess,Essential
S000005770,Ess,Ess,Essential
S000004596,Ess,Ess,Essential
S000003407,Ess,Ess,Essential
S000003404,Ess,Ess,Essential
S000005775,Ess,Ess,Essential
S000003088,Ess,Ess,Essential
S000003084,Ess,Ess,Essential
S000000215,Ess,Ess,Essential
S000000564,Ess,Ess,Essential
S000000032,Ess,Ess,Essential
S000000030,Ess,Ess,Essential
S000000031,Ess,Ess,Essential
S000000036,Ess,Ess,Essential
S000006379,Ess,Ess,Essential
S000006373,Ess,Ess,Essential
S000005337,Ess,Ess,Essential
S000001324,Ess,Ess,Essential
S000001323,Ess,Ess,Essential
S000002300,Ess,Ess,Essential
S000005151,Ess,Ess,Essential
S000002651,Ess,Ess,Essential
S000005804,Ess,Ess,Essential
S000003679,Ess,Ess,Essential
S000002420,Ess,Ess,Essential
S000002784,Ess,Ess,Essential
S000003096,Ess,Ess,Essential
S000005506,Ess,Ess,Essential
S000000208,Ess,Ess,Essential
S000006132,Ess,Ess,Essential
S000006158,Ess,Ess,Essential
S000000689,Ess,Ess,Essential
S000006156,Ess,Ess,Essential
S000006154,Ess,Ess,Essential
S000006152,Ess,Ess,Essential
S000002837,Ess,Ess,Essential
S000005720,Ess,Ess,Essential
S000003098,Ess,Ess,Essential
S000000023,Ess,Ess,Essential
S000004852,Ess,Ess,Essential
S000004853,Ess,Ess,Essential
S000004328,Ess,Ess,Essential
S000005321,Ess,Ess,Essential
S000001313,Ess,Ess,Essential
S000006309,Ess,Ess,Essential
S000001794,Ess,Ess,Essential
S000006365,Ess,Ess,Essential
S000006366,Ess,Ess,Essential
S000004513,Ess,Ess,Essential
S000003640,Ess,Ess,Essential
S000003645,Ess,Ess,Essential
S000003647,Ess,Ess,Essential
S000006149,Ess,Ess,Essential
S000003774,Ess,Ess,Essential
S000005629,Ess,Ess,Essential
S000002604,Ess,Ess,Essential
S000000233,Ess,Ess,Essential
S000002325,Ess,Ess,Essential
S000002897,Ess,Ess,Essential
S000001406,Ess,Ess,Essential
S000004849,Ess,Ess,Essential
S000004848,Ess,Ess,Essential
S000004842,Ess,Ess,Essential
S000004840,Ess,Ess,Essential
S000004332,Ess,Ess,Essential
S000004339,Ess,Ess,Essential
S000001308,Ess,Ess,Essential
S000005798,Ess,Ess,Essential
S000001787,Ess,Ess,Essential
S000001789,Ess,Ess,Essential
S000002868,Ess,Ess,Essential
S000003169,Ess,Ess,Essential
S000002654,Ess,Ess,Essential
S000001877,Ess,Ess,Essential
S000001870,Ess,Ess,Essential
S000001872,Ess,Ess,Essential
S000004061,Ess,Ess,Essential
S000000003,Ess,Ess,Essential
S000000001,Ess,Ess,Essential
S000002881,Ess,Ess,Essential
S000002880,Ess,Ess,Essential
S000002886,Ess,Ess,Essential
S000004833,Ess,Ess,Essential
S000001164,Ess,Ess,Essential
S000004308,Ess,Ess,Essential
S000005787,Ess,Ess,Essential
S000005786,Ess,Ess,Essential
S000005783,Ess,Ess,Essential
S000005788,Ess,Ess,Essential
S000005300,Ess,Ess,Essential
S000006307,Ess,Ess,Essential
S000001849,Ess,Ess,Essential
S000001518,Ess,Ess,Essential
S000002644,Ess,Ess,Essential
S000001511,Ess,Ess,Essential
S000001516,Ess,Ess,Essential
S000005165,Ess,Ess,Essential
S000003572,Ess,Ess,Essential
S000000259,Ess,Ess,Essential
S000004665,Ess,Ess,Essential
S000006245,Ess,Ess,Essential
S000000072,Ess,Ess,Essential
S000002588,Ess,Ess,Essential
S000004826,Ess,Ess,Essential
S000004821,Ess,Ess,Essential
S000004313,Ess,Ess,Essential
S000004315,Ess,Ess,Essential
S000001676,Ess,Ess,Essential
S000004176,Ess,Ess,Essential
S000001679,Ess,Ess,Essential
S000003570,Ess,Ess,Essential
S000005370,Ess,Ess,Essential
S000003234,Ess,Ess,Essential
S000003237,Ess,Ess,Essential
S000001859,Ess,Ess,Essential
S000005621,Ess,Ess,Essential
S000001502,Ess,Ess,Essential
S000001504,Ess,Ess,Essential
S000001507,Ess,Ess,Essential
S000005195,Ess,Ess,Essential
S000003571,Ess,Ess,Essential
S000003509,Ess,Ess,Essential
S000005997,Ess,Ess,Essential
S000004165,Ess,Ess,Essential
S000004947,Ess,Ess,Essential
S000000065,Ess,Ess,Essential
S000003577,Ess,Ess,Essential
S000004810,Ess,Ess,Essential
S000001127,Ess,Ess,Essential
S000004106,Ess,Ess,Essential
S000004107,Ess,Ess,Essential
S000004105,Ess,Ess,Essential
S000004582,Ess,Ess,Essential
S000004542,Ess,Ess,Essential
S000005019,Ess,Ess,Essential
S000005365,Ess,Ess,Essential
S000003477,Ess,Ess,Essential
S000003202,Ess,Ess,Essential
S000001532,Ess,Ess,Essential
S000002616,Ess,Ess,Essential
S000005184,Ess,Ess,Essential
S000005188,Ess,Ess,Essential
S000005984,Ess,Ess,Essential
S000002596,Ess,Ess,Essential
S000004095,Ess,Ess,Essential
S000002986,Ess,Ess,Essential
S000002469,Ess,Ess,Essential
S000000728,Ess,Ess,Essential
S000002467,Ess,Ess,Essential
S000004370,Ess,Ess,Essential
S000004117,Ess,Ess,Essential
S000004119,Ess,Ess,Essential
S000002643,Ess,Ess,Essential
S000002471,Ess,Ess,Essential
S000002646,Ess,Ess,Essential
S000002213,Ess,Ess,Essential
S000004599,Ess,Ess,Essential
S000004595,Ess,Ess,Essential
S000003216,Ess,Ess,Essential
S000003214,Ess,Ess,Essential
S000005642,Ess,Ess,Essential
S000005643,Ess,Ess,Essential
S000005645,Ess,Ess,Essential
S000001528,Ess,Ess,Essential
S000001561,Ess,Ess,Essential
S000002299,Ess,Ess,Essential
S000002290,Ess,Ess,Essential
S000006049,Ess,Ess,Essential
S000006047,Ess,Ess,Essential
S000000264,Ess,Ess,Essential
S000002824,Ess,Ess,Essential
S000002990,Ess,Ess,Essential
S000001233,Ess,Ess,Essential
S000002173,Ess,Ess,Essential
S000002732,Ess,Ess,Essential
S000001733,Ess,Ess,Essential
S000002444,Ess,Ess,Essential
S000005430,Ess,Ess,Essential
S000005437,Ess,Ess,Essential
S000001889,Ess,Ess,Essential
S000003833,Ess,Ess,Essential
S000001229,Ess,Ess,Essential
S000006290,Ess,Ess,Essential
S000002284,Ess,Ess,Essential
S000001281,Ess,Ess,Essential
S000002218,Ess,Ess,Essential
S000006072,Ess,Ess,Essential
S000002366,Ess,Ess,Essential
S000002367,Ess,Ess,Essential
S000005889,Ess,Ess,Essential
S000003485,Ess,Ess,Essential
S000007256,Ess,Ess,Essential
S000000928,Ess,Ess,Essential
S000000929,Ess,Ess,Essential
S000005490,Ess,Ess,Essential
S000007651,Ess,Ess,Essential
S000003633,Ess,Ess,Essential
S000004284,Ess,Ess,Essential
S000004282,Ess,Ess,Essential
S000004289,Ess,Ess,Essential
S000006286,Ess,Ess,Essential
S000000066,Ess,Ess,Essential
S000001069,Ess,Ess,Essential
S000002733,Ess,Ess,Essential
S000004754,Ess,Ess,Essential
S000001066,Ess,Ess,Essential
S000005880,Ess,Ess,Essential
S000001899,Ess,Ess,Essential
S000005669,Ess,Ess,Essential
S000001541,Ess,Ess,Essential
S000001543,Ess,Ess,Essential
S000001542,Ess,Ess,Essential
S000001062,Ess,Ess,Essential
S000002574,Ess,Ess,Essential
S000006289,Ess,Ess,Essential
S000001948,Ess,Ess,Essential
S000001946,Ess,Ess,Essential
S000003762,Ess,Ess,Essential
S000003767,Ess,Ess,Essential
S000004509,Ess,Ess,Essential
S000002323,Ess,Ess,Essential
S000004050,Ess,Ess,Essential
S000002571,Ess,Ess,Essential
S000003499,Ess,Ess,Essential
S000002459,Ess,Ess,Essential
S000000041,Ess,Ess,Essential
S000001007,Ess,Ess,Essential
S000000938,Ess,Ess,Essential
S000003623,Ess,Ess,Essential
S000007455,Ess,Ess,Essential
S000001116,Ess,Ess,Essential
S000003626,Ess,Ess,Essential
S000001114,Ess,Ess,Essential
S000001110,Ess,Ess,Essential
S000002302,Ess,Ess,Essential
S000003627,Ess,Ess,Essential
S000006130,Ess,Ess,Essential
S000003548,Ess,Ess,Essential
S000001716,Ess,Ess,Essential
S000001710,Ess,Ess,Essential
S000001337,Ess,Ess,Essential
S000001391,Ess,Ess,Essential
S000005675,Ess,Ess,Essential
S000004451,Ess,Ess,Essential
S000004153,Ess,Ess,Essential
S000003496,Ess,Ess,Essential
S000003710,Ess,Ess,Essential
S000003023,Ess,Ess,Essential
S000004594,Ess,Ess,Essential
S000003256,Ess,Ess,Essential
S000000896,Ess,Ess,Essential
S000003506,Ess,Ess,Essential
S000006239,Ess,Ess,Essential
S000000948,Ess,Ess,Essential
S000002812,Ess,Ess,Essential
S000005900,Ess,Ess,Essential
S000001231,Ess,Ess,Essential
S000000364,Ess,Ess,Essential
S000004738,Ess,Ess,Essential
S000004735,Ess,Ess,Essential
S000005068,Ess,Ess,Essential
S000001191,Ess,Ess,Essential
S000005462,Ess,Ess,Essential
S000001388,Ess,Ess,Essential
S000005603,Ess,Ess,Essential
S000005601,Ess,Ess,Essential
S000006260,Ess,Ess,Essential
S000005286,Ess,Ess,Essential
S000003065,Ess,Ess,Essential
S000003033,Ess,Ess,Essential
S000003261,Ess,Ess,Essential
S000001672,Ess,Ess,Essential
S000000884,Ess,Ess,Essential
S000001678,Ess,Ess,Essential
S000000950,Ess,Ess,Essential
S000002802,Ess,Ess,Essential
S000002805,Ess,Ess,Essential
S000002806,Ess,Ess,Essential
S000006386,Ess,Ess,Essential
S000001330,Ess,Ess,Essential
S000004558,Ess,Ess,Essential
S000005070,Ess,Ess,Essential
S000005572,Ess,Ess,Essential
S000001591,Ess,Ess,Essential
S000005758,Ess,Ess,Essential
S000005207,Ess,Ess,Essential
S000005299,Ess,Ess,Essential
S000005294,Ess,Ess,Essential
S000003739,Ess,Ess,Essential
S000006038,Ess,Ess,Essential
S000003193,Ess,Ess,Essential
S000000961,Ess,Ess,Essential
S000000745,Ess,Ess,Essential
S000002245,Ess,Ess,Essential
S000000346,Ess,Ess,Essential
S000000347,Ess,Ess,Essential
S000006314,Ess,Ess,Essential
S000006317,Ess,Ess,Essential
S000006316,Ess,Ess,Essential
S000006311,Ess,Ess,Essential
S000006312,Ess,Ess,Essential
S000002636,Ess,Ess,Essential
S000004249,Ess,Ess,Essential
S000003080,Ess,Ess,Essential
S000005046,Ess,Ess,Essential
S000001857,Ess,Ess,Essential
S000001856,Ess,Ess,Essential
S000001855,Ess,Ess,Essential
S000004389,Ess,Ess,Essential
S000003873,Ess,Ess,Essential
S000001582,Ess,Ess,Essential
S000001587,Ess,Ess,Essential
S000001404,Ess,Ess,Essential
S000001901,Ess,Ess,Essential
S000001900,Ess,Ess,Essential
S000005736,Ess,Ess,Essential
S000003059,Ess,Ess,Essential
S000003766,Ess,Ess,Essential
S000002376,Ess,Ess,Essential
S000002368,Ess,Ess,Essential
S000003123,Ess,Ess,Essential
S000000974,Ess,Ess,Essential
S000000973,Ess,Ess,Essential
S000000970,Ess,Ess,Essential
S000000758,Ess,Ess,Essential
S000000752,Ess,Ess,Essential
S000000357,Ess,Ess,Essential
S000000359,Ess,Ess,Essential
S000000358,Ess,Ess,Essential
S000005191,Ess,Ess,Essential
S000002255,Ess,Ess,Essential
S000005582,Ess,Ess,Essential
S000004056,Ess,Ess,Essential
S000005457,Ess,Ess,Essential
S000005454,Ess,Ess,Essential
S000004186,Ess,Ess,Essential
S000004187,Ess,Ess,Essential
S000004185,Ess,Ess,Essential
S000004984,Ess,Ess,Essential
S000004983,Ess,Ess,Essential
S000001898,Ess,Ess,Essential
S000005057,Ess,Ess,Essential
S000005054,Ess,Ess,Essential
S000006237,Ess,Ess,Essential
S000001938,Ess,Ess,Essential
S000001933,Ess,Ess,Essential
S000003060,Ess,Ess,Essential
S000003061,Ess,Ess,Essential
S000005677,Ess,Ess,Essential
S000005674,Ess,Ess,Essential
S000002430,Ess,Ess,Essential
S000001505,Ess,Ess,Essential
S000005381,Ess,Ess,Essential
S000002175,Ess,Ess,Essential
S000003530,Ess,Ess,Essential
S000003315,Ess,Ess,Essential
S000003849,Ess,Ess,Essential
S000002857,Ess,Ess,Essential
S000002590,Ess,Ess,Essential
S000002498,Ess,Ess,Essential
S000002597,Ess,Ess,Essential
S000001894,Ess,Ess,Essential
S000000325,Ess,Ess,Essential
S000002579,Ess,Ess,Essential
S000005257,Ess,Ess,Essential
S000004262,Ess,Ess,Essential
S000004267,Ess,Ess,Essential
S000004266,Ess,Ess,Essential
S000004265,Ess,Ess,Essential
S000004264,Ess,Ess,Essential
S000001776,Ess,Ess,Essential
S000004041,Ess,Ess,Essential
S000004198,Ess,Ess,Essential
S000002598,Ess,Ess,Essential
S000005495,Ess,Ess,Essential
S000006229,Ess,Ess,Essential
S000005931,Ess,Ess,Essential
S000005933,Ess,Ess,Essential
S000001927,Ess,Ess,Essential
S000001923,Ess,Ess,Essential
S000004068,Ess,Ess,Essential
S000002266,Ess,Ess,Essential
S000002242,Ess,Ess,Essential
S000000805,Ess,Ess,Essential
S000005499,Ess,Ess,Essential
S000004156,Ess,Ess,Essential
S000003547,Ess,Ess,Essential
S000003902,Ess,Ess,Essential
S000003307,Ess,Ess,Essential
S000003306,Ess,Ess,Essential
S000003545,Ess,Ess,Essential
S000005216,Ess,Ess,Essential
S000002845,Ess,Ess,Essential
S000001104,Ess,Ess,Essential
S000001107,Ess,Ess,Essential
S000006015,Ess,Ess,Essential
S000002452,Ess,Ess,Essential
S000004219,Ess,Ess,Essential
S000004212,Ess,Ess,Essential
S000003538,Ess,Ess,Essential
S000001240,Ess,Ess,Essential
S000004529,Ess,Ess,Essential
S000005483,Ess,Ess,Essential
S000006380,Ess,Ess,Essential
S000001487,Ess,Ess,Essential
S000005032,Ess,Ess,Essential
S000006214,Ess,Ess,Essential
S000001265,Ess,Ess,Essential
S000001266,Ess,Ess,Essential
S000003829,Ess,Ess,Essential
S000002688,Ess,Ess,Essential
S000002307,Ess,Ess,Essential
S000002304,Ess,Ess,Essential
S000003825,Ess,Ess,Essential
S000003443,Ess,Ess,Essential
S000003335,Ess,Ess,Essential
S000003331,Ess,Ess,Essential
S000000781,Ess,Ess,Essential
S000002749,Ess,Ess,Essential
S000004205,Ess,Ess,Essential
S000004202,Ess,Ess,Essential
S000001061,Ess,Ess,Essential
S000003551,Ess,Ess,Essential
S000001496,Ess,Ess,Essential
S000001495,Ess,Ess,Essential
S000003818,Ess,Ess,Essential
S000004530,Ess,Ess,Essential
S000005776,Ess,Ess,Essential
S000003074,Ess,Ess,Essential
S000000548,Ess,Ess,Essential
S000003079,Ess,Ess,Essential
S000003568,Ess,Ess,Essential
S000002675,Ess,Ess,Essential
S000000823,Ess,Ess,Essential
S000000825,Ess,Ess,Essential
S000000824,Ess,Ess,Essential
S000003323,Ess,Ess,Essential
S000003322,Ess,Ess,Essential
S000003327,Ess,Ess,Essential
S000003326,Ess,Ess,Essential
S000003175,Ess,Ess,Essential
S000002862,Ess,Ess,Essential
S000000314,Ess,Ess,Essential
S000000313,Ess,Ess,Essential
S000004233,Ess,Ess,Essential
S000004239,Ess,Ess,Essential
S000003563,Ess,Ess,Essential
S000003973,Ess,Ess,Essential
S000001049,Ess,Ess,Essential
S000003562,Ess,Ess,Essential
S000004901,Ess,Ess,Essential
S000002815,Ess,Ess,Essential
S000003417,Ess,Ess,Essential
S000006173,Ess,Ess,Essential
S000003418,Ess,Ess,Essential
S000005546,Ess,Ess,Essential
S000004016,Ess,Ess,Essential
S000005949,Ess,Ess,Essential
S000001207,Ess,Ess,Essential
S000001208,Ess,Ess,Essential
S000001209,Ess,Ess,Essential
S000003927,Ess,Ess,Essential
S000001686,Ess,Ess,Essential
S000006096,Ess,Ess,Essential
S000000814,Ess,Ess,Essential
S000000815,Ess,Ess,Essential
S000000811,Ess,Ess,Essential
S000003351,Ess,Ess,Essential
S000003802,Ess,Ess,Essential
S000002409,Ess,Ess,Essential
S000003803,Ess,Ess,Essential
S000003806,Ess,Ess,Essential
S000001111,Ess,Ess,Essential
S000003207,Ess,Ess,Essential
S000003091,Ess,Ess,Essential
S000006187,Ess,Ess,Essential
S000002620,Ess,Ess,Essential
S000004931,Ess,Ess,Essential
S000003576,Ess,Ess,Essential
S000005574,Ess,Ess,Essential
S000004557,Ess,Ess,Essential
S000005205,Ess,Ess,Essential
S000005750,Ess,Ess,Essential
S000001215,Ess,Ess,Essential
S000001213,Ess,Ess,Essential
S000001212,Ess,Ess,Essential
S000005686,Ess,Ess,Essential
S000005685,Ess,Ess,Essential
S000005683,Ess,Ess,Essential
S000005189,Ess,Ess,Essential
S000001693,Ess,Ess,Essential
S000002747,Ess,Ess,Essential
S000002312,Ess,Ess,Essential
S000006081,Ess,Ess,Essential
S000006434,Ess,Ess,Essential
S000004507,Ess,Ess,Essential
S000000668,Ess,Ess,Essential
S000006387,Ess,Ess,Essential
S000003539,Ess,Ess,Essential
S000000119,Ess,Ess,Essential
S000000116,Ess,Ess,Essential
S000001447,Ess,Ess,Essential
S000004564,Ess,Ess,Essential
S000005743,Ess,Ess,Essential
S000004615,Ess,Ess,Essential
S000005694,Ess,Ess,Essential
S000001461,Ess,Ess,Essential
S000003110,Ess,Ess,Essential
S000003377,Ess,Ess,Essential
S000005326,Ess,Ess,Essential
S000003015,Ess,Ess,Essential
S000005200,Ess,Ess,Essential
S000002619,Ess,Ess,Essential
S000000292,Ess,Ess,Essential
S000000291,Ess,Ess,Essential
S000000295,Ess,Ess,Essential
S000005206,Ess,Ess,Essential
S000002309,Ess,Ess,Essential
S000000122,Ess,Ess,Essential
S000002969,Ess,Ess,Essential
S000002965,Ess,Ess,Essential
S000004971,Ess,Ess,Essential
S000001454,Ess,Ess,Essential
S000001185,Ess,Ess,Essential
S000005732,Ess,Ess,Essential
S000005733,Ess,Ess,Essential
S000005730,Ess,Ess,Essential
S000004603,Ess,Ess,Essential
S000004607,Ess,Ess,Essential
S000002189,Ess,Ess,Essential
S000003105,Ess,Ess,Essential
S000003703,Ess,Ess,Essential
S000000460,Ess,Ess,Essential
S000000469,Ess,Ess,Essential
S000002260,Ess,Ess,Essential
S000005256,Ess,Ess,Essential
S000006004,Ess,Ess,Essential
S000005493,Ess,Ess,Essential
S000006003,Ess,Ess,Essential
S000002575,Ess,Ess,Essential
S000000283,Ess,Ess,Essential
S000000284,Ess,Ess,Essential
S000002263,Ess,Ess,Essential
S000006391,Ess,Ess,Essential
S000006390,Ess,Ess,Essential
S000000131,Ess,Ess,Essential
S000000130,Ess,Ess,Essential
S000000137,Ess,Ess,Essential
S000002979,Ess,Ess,Essential
S000002976,Ess,Ess,Essential
S000004903,Ess,Ess,Essential
S000003958,Ess,Ess,Essential
S000003959,Ess,Ess,Essential
S000005509,Ess,Ess,Essential
S000003954,Ess,Ess,Essential
S000003957,Ess,Ess,Essential
S000004630,Ess,Ess,Essential
S000005231,Ess,Ess,Essential
S000005234,Ess,Ess,Essential
S000002773,Ess,Ess,Essential
S000002770,Ess,Ess,Essential
S000002775,Ess,Ess,Essential
S000006139,Ess,Ess,Essential
S000003931,Ess,Ess,Essential
S000006138,Ess,Ess,Essential
S000003934,Ess,Ess,Essential
S000003390,Ess,Ess,Essential
S000003450,Ess,Ess,Essential
S000002201,Ess,Ess,Essential
S000000456,Ess,Ess,Essential
S000000451,Ess,Ess,Essential
S000000458,Ess,Ess,Essential
S000000631,Ess,Ess,Essential
S000000146,Ess,Ess,Essential
S000004911,Ess,Ess,Essential
S000005530,Ess,Ess,Essential
S000000559,Ess,Ess,Essential
S000002161,Ess,Ess,Essential
S000002165,Ess,Ess,Essential
S000028698,Ess,Ess,Essential
S000003241,Ess,Ess,Essential
S000002707,Ess,Ess,Essential
S000002709,Ess,Ess,Essential
S000001451,Ess,Ess,Essential
S000005868,Ess,Ess,Essential
S000005862,Ess,Ess,Essential
S000005867,Ess,Ess,Essential
S000000441,Ess,Ess,Essential
S000000440,Ess,Ess,Essential
S000000447,Ess,Ess,Essential
S000001130,Ess,Ess,Essential
S000003427,Ess,Ess,Essential
S000001405,Ess,Ess,Essential
S000004652,Ess,Ess,Essential
S000004650,Ess,Ess,Essential
S000001371,Ess,Ess,Essential
S000001377,Ess,Ess,Essential
S000005702,Ess,Ess,Essential
S000002710,Ess,Ess,Essential
S000002719,Ess,Ess,Essential
S000005897,Ess,Ess,Essential
S000006385,Ess,Ess,Essential
S000006382,Ess,Ess,Essential
S000005813,Ess,Ess,Essential
S000000438,Ess,Ess,Essential
S000003330,Ess,Ess,Essential
S000002188,Ess,Ess,Essential
S000005964,Ess,Ess,Essential
S000004090,Ess,Ess,Essential
S000001368,Ess,Ess,Essential
S000002493,Ess,Ess,Essential
S000001366,Ess,Ess,Essential
S000003992,Ess,Ess,Essential
S000005261,Ess,Ess,Essential
S000003140,Ess,Ess,Essential
S000005116,Ess,Ess,Essential
S000002451,Ess,Ess,Essential
S000006394,Ess,Ess,Essential
S000005846,Ess,Ess,Essential
S000004078,Ess,Ess,Essential
S000004926,Ess,Ess,Essential
S000000397,Ess,Ess,Essential
S000000396,Ess,Ess,Essential
S000004076,Ess,Ess,Essential
S000001770,Ess,Ess,Essential
S000001771,Ess,Ess,Essential
S000003586,Ess,Ess,Essential
S000005888,Ess,Ess,Essential
S000000172,Ess,Ess,Essential
S000002939,Ess,Ess,Essential
S000004416,Ess,Ess,Essential
S000000653,Ess,Ess,Essential
S000000650,Ess,Ess,Essential
S000004093,Ess,Ess,Essential
S000004096,Ess,Ess,Essential
S000003998,Ess,Ess,Essential
S000003999,Ess,Ess,Essential
S000001412,Ess,Ess,Essential
S000002269,Ess,Ess,Essential
S000004816,Ess,Ess,Essential
S000004890,Ess,Ess,Essential
S000004894,Ess,Ess,Essential
S000002159,NE,NE,Non essential
S000002156,NE,NE,Non essential
S000001603,NE,NE,Non essential
S000001600,NE,NE,Non essential
S000001607,NE,NE,Non essential
S000001609,NE,NE,Non essential
S000001350,NE,NE,Non essential
S000001352,NE,NE,Non essential
S000005273,NE,NE,Non essential
S000005270,NE,NE,Non essential
S000001282,NE,NE,Non essential
S000003607,NE,NE,Non essential
S000002487,NE,NE,Non essential
S000001358,NE,NE,Non essential
S000001359,NE,NE,Non essential
S000002482,NE,NE,Non essential
S000003289,NE,NE,Non essential
S000003286,NE,NE,Non essential
S000003287,NE,NE,Non essential
S000005857,NE,NE,Non essential
S000000411,NE,NE,Non essential
S000000416,NE,NE,Non essential
S000000417,NE,NE,Non essential
S000000418,NE,NE,Non essential
S000000419,NE,NE,Non essential
S000001155,NE,NE,Non essential
S000006104,NE,NE,Non essential
S000006105,NE,NE,Non essential
S000006100,NE,NE,Non essential
S000006102,NE,NE,Non essential
S000006017,NE,NE,Non essential
S000000266,NE,NE,Non essential
S000000913,NE,NE,Non essential
S000000912,NE,NE,Non essential
S000000263,NE,NE,Non essential
S000004678,NE,NE,Non essential
S000002555,NE,NE,Non essential
S000006336,NE,NE,Non essential
S000000981,NE,NE,Non essential
S000000984,NE,NE,Non essential
S000000985,NE,NE,Non essential
S000004673,NE,NE,Non essential
S000004674,NE,NE,Non essential
S000004675,NE,NE,Non essential
S000004677,NE,NE,Non essential
S000000017,NE,NE,Non essential
S000000187,NE,NE,Non essential
S000000184,NE,NE,Non essential
S000000189,NE,NE,Non essential
S000002908,NE,NE,Non essential
S000002900,NE,NE,Non essential
S000002738,NE,NE,Non essential
S000002734,NE,NE,Non essential
S000003609,NE,NE,Non essential
S000004087,NE,NE,Non essential
S000006255,NE,NE,Non essential
S000002894,NE,NE,Non essential
S000004889,NE,NE,Non essential
S000004886,NE,NE,Non essential
S000004885,NE,NE,Non essential
S000004882,NE,NE,Non essential
S000005295,NE,NE,Non essential
S000004409,NE,NE,Non essential
S000004402,NE,NE,Non essential
S000004406,NE,NE,Non essential
S000003857,NE,NE,Non essential
S000001618,NE,NE,Non essential
S000003121,NE,NE,Non essential
S000004669,NE,NE,Non essential
S000001296,NE,NE,Non essential
S000001292,NE,NE,Non essential
S000005136,NE,NE,Non essential
S000028521,NE,NE,Non essential
S000004498,NE,NE,Non essential
S000003299,NE,NE,Non essential
S000003295,NE,NE,Non essential
S000003294,NE,NE,Non essential
S000003291,NE,NE,Non essential
S000001839,NE,NE,Non essential
S000003619,NE,NE,Non essential
S000003618,NE,NE,Non essential
S000003616,NE,NE,Non essential
S000000403,NE,NE,Non essential
S000000408,NE,NE,Non essential
S000006112,NE,NE,Non essential
S000006117,NE,NE,Non essential
S000006116,NE,NE,Non essential
S000006115,NE,NE,Non essential
S000006114,NE,NE,Non essential
S000004447,NE,NE,Non essential
S000003045,NE,NE,Non essential
S000004337,NE,NE,Non essential
S000000597,NE,NE,Non essential
S000003851,NE,NE,Non essential
S000001128,NE,NE,Non essential
S000005314,NE,NE,Non essential
S000004158,NE,NE,Non essential
S000002476,NE,NE,Non essential
S000000995,NE,NE,Non essential
S000000994,NE,NE,Non essential
S000001658,NE,NE,Non essential
S000005312,NE,NE,Non essential
S000005313,NE,NE,Non essential
S000006321,NE,NE,Non essential
S000001657,NE,NE,Non essential
S000000191,NE,NE,Non essential
S000000195,NE,NE,Non essential
S000000198,NE,NE,Non essential
S000002915,NE,NE,Non essential
S000002914,NE,NE,Non essential
S000002913,NE,NE,Non essential
S000001692,NE,NE,Non essential
S000001477,NE,NE,Non essential
S000004872,NE,NE,Non essential
S000004874,NE,NE,Non essential
S000004875,NE,NE,Non essential
S000004879,NE,NE,Non essential
S000004478,NE,NE,Non essential
S000004476,NE,NE,Non essential
S000001626,NE,NE,Non essential
S000001623,NE,NE,Non essential
S000005001,NE,NE,Non essential
S000004696,NE,NE,Non essential
S000004694,NE,NE,Non essential
S000004695,NE,NE,Non essential
S000004698,NE,NE,Non essential
S000005127,NE,NE,Non essential
S000002209,NE,NE,Non essential
S000005007,NE,NE,Non essential
S000004533,NE,NE,Non essential
S000004532,NE,NE,Non essential
S000005559,NE,NE,Non essential
S000003925,NE,NE,Non essential
S000000282,NE,NE,Non essential
S000006342,NE,NE,Non essential
S000006343,NE,NE,Non essential
S000006345,NE,NE,Non essential
S000003466,NE,NE,Non essential
S000005834,NE,NE,Non essential
S000001801,NE,NE,Non essential
S000003666,NE,NE,Non essential
S000003664,NE,NE,Non essential
S000003463,NE,NE,Non essential
S000003662,NE,NE,Non essential
S000003660,NE,NE,Non essential
S000005771,NE,NE,Non essential
S000005952,NE,NE,Non essential
S000003402,NE,NE,Non essential
S000006160,NE,NE,Non essential
S000001418,NE,NE,Non essential
S000004294,NE,NE,Non essential
S000004747,NE,NE,Non essential
S000004290,NE,NE,Non essential
S000002399,NE,NE,Non essential
S000003083,NE,NE,Non essential
S000000212,NE,NE,Non essential
S000000213,NE,NE,Non essential
S000000218,NE,NE,Non essential
S000001784,NE,NE,Non essential
S000000695,NE,NE,Non essential
S000001788,NE,NE,Non essential
S000005950,NE,NE,Non essential
S000005951,NE,NE,Non essential
S000002264,NE,NE,Non essential
S000000038,NE,NE,Non essential
S000000037,NE,NE,Non essential
S000000034,NE,NE,Non essential
S000000562,NE,NE,Non essential
S000004861,NE,NE,Non essential
S000004860,NE,NE,Non essential
S000004468,NE,NE,Non essential
S000004464,NE,NE,Non essential
S000004466,NE,NE,Non essential
S000006371,NE,NE,Non essential
S000004463,NE,NE,Non essential
S000005333,NE,NE,Non essential
S000005330,NE,NE,Non essential
S000005485,NE,NE,Non essential
S000005338,NE,NE,Non essential
S000005339,NE,NE,Non essential
S000001634,NE,NE,Non essential
S000001326,NE,NE,Non essential
S000004680,NE,NE,Non essential
S000004683,NE,NE,Non essential
S000004682,NE,NE,Non essential
S000004685,NE,NE,Non essential
S000005156,NE,NE,Non essential
S000005150,NE,NE,Non essential
S000002305,NE,NE,Non essential
S000005159,NE,NE,Non essential
S000002656,NE,NE,Non essential
S000001428,NE,NE,Non essential
S000002650,NE,NE,Non essential
S000002652,NE,NE,Non essential
S000000534,NE,NE,Non essential
S000006353,NE,NE,Non essential
S000006359,NE,NE,Non essential
S000006358,NE,NE,Non essential
S000005806,NE,NE,Non essential
S000003677,NE,NE,Non essential
S000006175,NE,NE,Non essential
S000006177,NE,NE,Non essential
S000006170,NE,NE,Non essential
S000003413,NE,NE,Non essential
S000002788,NE,NE,Non essential
S000002787,NE,NE,Non essential
S000003095,NE,NE,Non essential
S000003659,NE,NE,Non essential
S000003951,NE,NE,Non essential
S000005507,NE,NE,Non essential
S000006133,NE,NE,Non essential
S000005501,NE,NE,Non essential
S000000200,NE,NE,Non essential
S000000202,NE,NE,Non essential
S000006157,NE,NE,Non essential
S000000688,NE,NE,Non essential
S000000684,NE,NE,Non essential
S000000686,NE,NE,Non essential
S000006135,NE,NE,Non essential
S000002833,NE,NE,Non essential
S000002389,NE,NE,Non essential
S000003099,NE,NE,Non essential
S000006136,NE,NE,Non essential
S000000022,NE,NE,Non essential
S000005728,NE,NE,Non essential
S000004854,NE,NE,Non essential
S000004856,NE,NE,Non essential
S000004850,NE,NE,Non essential
S000004851,NE,NE,Non essential
S000004858,NE,NE,Non essential
S000004327,NE,NE,Non essential
S000004325,NE,NE,Non essential
S000004329,NE,NE,Non essential
S000005322,NE,NE,Non essential
S000004140,NE,NE,Non essential
S000001072,NE,NE,Non essential
S000005145,NE,NE,Non essential
S000005144,NE,NE,Non essential
S000005146,NE,NE,Non essential
S000005141,NE,NE,Non essential
S000002911,NE,NE,Non essential
S000001795,NE,NE,Non essential
S000001797,NE,NE,Non essential
S000001790,NE,NE,Non essential
S000001792,NE,NE,Non essential
S000000535,NE,NE,Non essential
S000006367,NE,NE,Non essential
S000006363,NE,NE,Non essential
S000005817,NE,NE,Non essential
S000005815,NE,NE,Non essential
S000005814,NE,NE,Non essential
S000001866,NE,NE,Non essential
S000001867,NE,NE,Non essential
S000001860,NE,NE,Non essential
S000000530,NE,NE,Non essential
S000001869,NE,NE,Non essential
S000003642,NE,NE,Non essential
S000003644,NE,NE,Non essential
S000003646,NE,NE,Non essential
S000006148,NE,NE,Non essential
S000005341,NE,NE,Non essential
S000006143,NE,NE,Non essential
S000006146,NE,NE,Non essential
S000006147,NE,NE,Non essential
S000003567,NE,NE,Non essential
S000003821,NE,NE,Non essential
S000003775,NE,NE,Non essential
S000002904,NE,NE,Non essential
S000001092,NE,NE,Non essential
S000002606,NE,NE,Non essential
S000000230,NE,NE,Non essential
S000000232,NE,NE,Non essential
S000000238,NE,NE,Non essential
S000000239,NE,NE,Non essential
S000007236,NE,NE,Non essential
S000002330,NE,NE,Non essential
S000003508,NE,NE,Non essential
S000006120,NE,NE,Non essential
S000001880,NE,NE,Non essential
S000007588,NE,NE,Non essential
S000005800,NE,NE,Non essential
S000006127,NE,NE,Non essential
S000000018,NE,NE,Non essential
S000000019,NE,NE,Non essential
S000000015,NE,NE,Non essential
S000006124,NE,NE,Non essential
S000002890,NE,NE,Non essential
S000002891,NE,NE,Non essential
S000002337,NE,NE,Non essential
S000004847,NE,NE,Non essential
S000004846,NE,NE,Non essential
S000004440,NE,NE,Non essential
S000004448,NE,NE,Non essential
S000005315,NE,NE,Non essential
S000005317,NE,NE,Non essential
S000001309,NE,NE,Non essential
S000001306,NE,NE,Non essential
S000001304,NE,NE,Non essential
S000001300,NE,NE,Non essential
S000002512,NE,NE,Non essential
S000000883,NE,NE,Non essential
S000005793,NE,NE,Non essential
S000005797,NE,NE,Non essential
S000005799,NE,NE,Non essential
S000004080,NE,NE,Non essential
S000002515,NE,NE,Non essential
S000001780,NE,NE,Non essential
S000004715,NE,NE,Non essential
S000004714,NE,NE,Non essential
S000004712,NE,NE,Non essential
S000003253,NE,NE,Non essential
S000003251,NE,NE,Non essential
S000006377,NE,NE,Non essential
S000003785,NE,NE,Non essential
S000003170,NE,NE,Non essential
S000002308,NE,NE,Non essential
S000003171,NE,NE,Non essential
S000001873,NE,NE,Non essential
S000005171,NE,NE,Non essential
S000005173,NE,NE,Non essential
S000005174,NE,NE,Non essential
S000005175,NE,NE,Non essential
S000005596,NE,NE,Non essential
S000003439,NE,NE,Non essential
S000003437,NE,NE,Non essential
S000003435,NE,NE,Non essential
S000003434,NE,NE,Non essential
S000003432,NE,NE,Non essential
S000005595,NE,NE,Non essential
S000005591,NE,NE,Non essential
S000004064,NE,NE,Non essential
S000002280,NE,NE,Non essential
S000002286,NE,NE,Non essential
S000000229,NE,NE,Non essential
S000000222,NE,NE,Non essential
S000000227,NE,NE,Non essential
S000000225,NE,NE,Non essential
S000000224,NE,NE,Non essential
S000002504,NE,NE,Non essential
S000003879,NE,NE,Non essential
S000003878,NE,NE,Non essential
S000003877,NE,NE,Non essential
S000000641,NE,NE,Non essential
S000003870,NE,NE,Non essential
S000000643,NE,NE,Non essential
S000000002,NE,NE,Non essential
S000000007,NE,NE,Non essential
S000002889,NE,NE,Non essential
S000007223,NE,NE,Non essential
S000000647,NE,NE,Non essential
S000002885,NE,NE,Non essential
S000004789,NE,NE,Non essential
S000004839,NE,NE,Non essential
S000004836,NE,NE,Non essential
S000004781,NE,NE,Non essential
S000001162,NE,NE,Non essential
S000001161,NE,NE,Non essential
S000001050,NE,NE,Non essential
S000004300,NE,NE,Non essential
S000006078,NE,NE,Non essential
S000001661,NE,NE,Non essential
S000001662,NE,NE,Non essential
S000001664,NE,NE,Non essential
S000001667,NE,NE,Non essential
S000004160,NE,NE,Non essential
S000004162,NE,NE,Non essential
S000006076,NE,NE,Non essential
S000005784,NE,NE,Non essential
S000005303,NE,NE,Non essential
S000005301,NE,NE,Non essential
S000005304,NE,NE,Non essential
S000001617,NE,NE,Non essential
S000006301,NE,NE,Non essential
S000001848,NE,NE,Non essential
S000001841,NE,NE,Non essential
S000001510,NE,NE,Non essential
S000001517,NE,NE,Non essential
S000005168,NE,NE,Non essential
S000005167,NE,NE,Non essential
S000005163,NE,NE,Non essential
S000005162,NE,NE,Non essential
S000003900,NE,NE,Non essential
S000000421,NE,NE,Non essential
S000002507,NE,NE,Non essential
S000000420,NE,NE,Non essential
S000002785,NE,NE,Non essential
S000000250,NE,NE,Non essential
S000004662,NE,NE,Non essential
S000006244,NE,NE,Non essential
S000002232,NE,NE,Non essential
S000002230,NE,NE,Non essential
S000004829,NE,NE,Non essential
S000004822,NE,NE,Non essential
S000004311,NE,NE,Non essential
S000004310,NE,NE,Non essential
S000004317,NE,NE,Non essential
S000004837,NE,NE,Non essential
S000004173,NE,NE,Non essential
S000001674,NE,NE,Non essential
S000004178,NE,NE,Non essential
S000001005,NE,NE,Non essential
S000003166,NE,NE,Non essential
S000003725,NE,NE,Non essential
S000005378,NE,NE,Non essential
S000005379,NE,NE,Non essential
S000005376,NE,NE,Non essential
S000005373,NE,NE,Non essential
S000003239,NE,NE,Non essential
S000003235,NE,NE,Non essential
S000002326,NE,NE,Non essential
S000002327,NE,NE,Non essential
S000001500,NE,NE,Non essential
S000001503,NE,NE,Non essential
S000001853,NE,NE,Non essential
S000004086,NE,NE,Non essential
S000005197,NE,NE,Non essential
S000005199,NE,NE,Non essential
S000001002,NE,NE,Non essential
S000005999,NE,NE,Non essential
S000003055,NE,NE,Non essential
S000003054,NE,NE,Non essential
S000003502,NE,NE,Non essential
S000003053,NE,NE,Non essential
S000002443,NE,NE,Non essential
S000000245,NE,NE,Non essential
S000000247,NE,NE,Non essential
S000000246,NE,NE,Non essential
S000000241,NE,NE,Non essential
S000000243,NE,NE,Non essential
S000001054,NE,NE,Non essential
S000004164,NE,NE,Non essential
S000001008,NE,NE,Non essential
S000005827,NE,NE,Non essential
S000001052,NE,NE,Non essential
S000001465,NE,NE,Non essential
S000005829,NE,NE,Non essential
S000001468,NE,NE,Non essential
S000000064,NE,NE,Non essential
S000000063,NE,NE,Non essential
S000000062,NE,NE,Non essential
S000004765,NE,NE,Non essential
S000004369,NE,NE,Non essential
S000004364,NE,NE,Non essential
S000004500,NE,NE,Non essential
S000004104,NE,NE,Non essential
S000004103,NE,NE,Non essential
S000004108,NE,NE,Non essential
S000001058,NE,NE,Non essential
S000005016,NE,NE,Non essential
S000005015,NE,NE,Non essential
S000004583,NE,NE,Non essential
S000004013,NE,NE,Non essential
S000004015,NE,NE,Non essential
S000005361,NE,NE,Non essential
S000005363,NE,NE,Non essential
S000003200,NE,NE,Non essential
S000005769,NE,NE,Non essential
S000003203,NE,NE,Non essential
S000003475,NE,NE,Non essential
S000002625,NE,NE,Non essential
S000002624,NE,NE,Non essential
S000001538,NE,NE,Non essential
S000001539,NE,NE,Non essential
S000002622,NE,NE,Non essential
S000001534,NE,NE,Non essential
S000001530,NE,NE,Non essential
S000005944,NE,NE,Non essential
S000005812,NE,NE,Non essential
S000006184,NE,NE,Non essential
S000006186,NE,NE,Non essential
S000006180,NE,NE,Non essential
S000006181,NE,NE,Non essential
S000005765,NE,NE,Non essential
S000002684,NE,NE,Non essential
S000005764,NE,NE,Non essential
S000005943,NE,NE,Non essential
S000002249,NE,NE,Non essential
S000002506,NE,NE,Non essential
S000005981,NE,NE,Non essential
S000005987,NE,NE,Non essential
S000005986,NE,NE,Non essential
S000006050,NE,NE,Non essential
S000006055,NE,NE,Non essential
S000006262,NE,NE,Non essential
S000007587,NE,NE,Non essential
S000001043,NE,NE,Non essential
S000002980,NE,NE,Non essential
S000002982,NE,NE,Non essential
S000002985,NE,NE,Non essential
S000002987,NE,NE,Non essential
S000002988,NE,NE,Non essential
S000005809,NE,NE,Non essential
S000000058,NE,NE,Non essential
S000000729,NE,NE,Non essential
S000005302,NE,NE,Non essential
S000000050,NE,NE,Non essential
S000000057,NE,NE,Non essential
S000002474,NE,NE,Non essential
S000001046,NE,NE,Non essential
S000002464,NE,NE,Non essential
S000002475,NE,NE,Non essential
S000004807,NE,NE,Non essential
S000004772,NE,NE,Non essential
S000004802,NE,NE,Non essential
S000004777,NE,NE,Non essential
S000004776,NE,NE,Non essential
S000002508,NE,NE,Non essential
S000004379,NE,NE,Non essential
S000004372,NE,NE,Non essential
S000004110,NE,NE,Non essential
S000003222,NE,NE,Non essential
S000003220,NE,NE,Non essential
S000002470,NE,NE,Non essential
S000002642,NE,NE,Non essential
S000002550,NE,NE,Non essential
S000004592,NE,NE,Non essential
S000004597,NE,NE,Non essential
S000001022,NE,NE,Non essential
S000005801,NE,NE,Non essential
S000005350,NE,NE,Non essential
S000005423,NE,NE,Non essential
S000005429,NE,NE,Non essential
S000003217,NE,NE,Non essential
S000003215,NE,NE,Non essential
S000003213,NE,NE,Non essential
S000003212,NE,NE,Non essential
S000003211,NE,NE,Non essential
S000005646,NE,NE,Non essential
S000001522,NE,NE,Non essential
S000001521,NE,NE,Non essential
S000001524,NE,NE,Non essential
S000001529,NE,NE,Non essential
S000002427,NE,NE,Non essential
S000002426,NE,NE,Non essential
S000001769,NE,NE,Non essential
S000001026,NE,NE,Non essential
S000002294,NE,NE,Non essential
S000002292,NE,NE,Non essential
S000006041,NE,NE,Non essential
S000002478,NE,NE,Non essential
S000002559,NE,NE,Non essential
S000006046,NE,NE,Non essential
S000002796,NE,NE,Non essential
S000002790,NE,NE,Non essential
S000000915,NE,NE,Non essential
S000000262,NE,NE,Non essential
S000000260,NE,NE,Non essential
S000000919,NE,NE,Non essential
S000007245,NE,NE,Non essential
S000002535,NE,NE,Non essential
S000002441,NE,NE,Non essential
S000001236,NE,NE,Non essential
S000001047,NE,NE,Non essential
S000002991,NE,NE,Non essential
S000003834,NE,NE,Non essential
S000002999,NE,NE,Non essential
S000000595,NE,NE,Non essential
S000003179,NE,NE,Non essential
S000002536,NE,NE,Non essential
S000001153,NE,NE,Non essential
S000000739,NE,NE,Non essential
S000000738,NE,NE,Non essential
S000000730,NE,NE,Non essential
S000000733,NE,NE,Non essential
S000000737,NE,NE,Non essential
S000004744,NE,NE,Non essential
S000004745,NE,NE,Non essential
S000004748,NE,NE,Non essential
S000004340,NE,NE,Non essential
S000004343,NE,NE,Non essential
S000004346,NE,NE,Non essential
S000004349,NE,NE,Non essential
S000001154,NE,NE,Non essential
S000003543,NE,NE,Non essential
S000002442,NE,NE,Non essential
S000001074,NE,NE,Non essential
S000002532,NE,NE,Non essential
S000001732,NE,NE,Non essential
S000001731,NE,NE,Non essential
S000001736,NE,NE,Non essential
S000001737,NE,NE,Non essential
S000001734,NE,NE,Non essential
S000001738,NE,NE,Non essential
S000001739,NE,NE,Non essential
S000001081,NE,NE,Non essential
S000005432,NE,NE,Non essential
S000005435,NE,NE,Non essential
S000004120,NE,NE,Non essential
S000004121,NE,NE,Non essential
S000004123,NE,NE,Non essential
S000004126,NE,NE,Non essential
S000005658,NE,NE,Non essential
S000003771,NE,NE,Non essential
S000005650,NE,NE,Non essential
S000005652,NE,NE,Non essential
S000005655,NE,NE,Non essential
S000005656,NE,NE,Non essential
S000001550,NE,NE,Non essential
S000002794,NE,NE,Non essential
S000001070,NE,NE,Non essential
S000003831,NE,NE,Non essential
S000003830,NE,NE,Non essential
S000003836,NE,NE,Non essential
S000002797,NE,NE,Non essential
S000001303,NE,NE,Non essential
S000001006,NE,NE,Non essential
S000006293,NE,NE,Non essential
S000006295,NE,NE,Non essential
S000006297,NE,NE,Non essential
S000002283,NE,NE,Non essential
S000002282,NE,NE,Non essential
S000002281,NE,NE,Non essential
S000003838,NE,NE,Non essential
S000002919,NE,NE,Non essential
S000004132,NE,NE,Non essential
S000000550,NE,NE,Non essential
S000002360,NE,NE,Non essential
S000001301,NE,NE,Non essential
S000003006,NE,NE,Non essential
S000003005,NE,NE,Non essential
S000006070,NE,NE,Non essential
S000006071,NE,NE,Non essential
S000006073,NE,NE,Non essential
S000002176,NE,NE,Non essential
S000002523,NE,NE,Non essential
S000002285,NE,NE,Non essential
S000004376,NE,NE,Non essential
S000000925,NE,NE,Non essential
S000000920,NE,NE,Non essential
S000000921,NE,NE,Non essential
S000000922,NE,NE,Non essential
S000003726,NE,NE,Non essential
S000005663,NE,NE,Non essential
S000002435,NE,NE,Non essential
S000002372,NE,NE,Non essential
S000003631,NE,NE,Non essential
S000002511,NE,NE,Non essential
S000002527,NE,NE,Non essential
S000001106,NE,NE,Non essential
S000001221,NE,NE,Non essential
S000003723,NE,NE,Non essential
S000001222,NE,NE,Non essential
S000002439,NE,NE,Non essential
S000000702,NE,NE,Non essential
S000005831,NE,NE,Non essential
S000004281,NE,NE,Non essential
S000004280,NE,NE,Non essential
S000004354,NE,NE,Non essential
S000004353,NE,NE,Non essential
S000003637,NE,NE,Non essential
S000002528,NE,NE,Non essential
S000002568,NE,NE,Non essential
S000003636,NE,NE,Non essential
S000002569,NE,NE,Non essential
S000000498,NE,NE,Non essential
S000005242,NE,NE,Non essential
S000004758,NE,NE,Non essential
S000004753,NE,NE,Non essential
S000004751,NE,NE,Non essential
S000005086,NE,NE,Non essential
S000001725,NE,NE,Non essential
S000001724,NE,NE,Non essential
S000005401,NE,NE,Non essential
S000005403,NE,NE,Non essential
S000004136,NE,NE,Non essential
S000004134,NE,NE,Non essential
S000004133,NE,NE,Non essential
S000005668,NE,NE,Non essential
S000005886,NE,NE,Non essential
S000005666,NE,NE,Non essential
S000005667,NE,NE,Non essential
S000005662,NE,NE,Non essential
S000001547,NE,NE,Non essential
S000003163,NE,NE,Non essential
S000003743,NE,NE,Non essential
S000001237,NE,NE,Non essential
S000002705,NE,NE,Non essential
S000001750,NE,NE,Non essential
S000002608,NE,NE,Non essential
S000006283,NE,NE,Non essential
S000001941,NE,NE,Non essential
S000001940,NE,NE,Non essential
S000001944,NE,NE,Non essential
S000004054,NE,NE,Non essential
S000003768,NE,NE,Non essential
S000000047,NE,NE,Non essential
S000003765,NE,NE,Non essential
S000003744,NE,NE,Non essential
S000002742,NE,NE,Non essential
S000002576,NE,NE,Non essential
S000003011,NE,NE,Non essential
S000006062,NE,NE,Non essential
S000006066,NE,NE,Non essential
S000003018,NE,NE,Non essential
S000006069,NE,NE,Non essential
S000006068,NE,NE,Non essential
S000003495,NE,NE,Non essential
S000003490,NE,NE,Non essential
S000003493,NE,NE,Non essential
S000002783,NE,NE,Non essential
S000005689,NE,NE,Non essential
S000002780,NE,NE,Non essential
S000001249,NE,NE,Non essential
S000003882,NE,NE,Non essential
S000002602,NE,NE,Non essential
S000002572,NE,NE,Non essential
S000000046,NE,NE,Non essential
S000003880,NE,NE,Non essential
S000002408,NE,NE,Non essential
S000001117,NE,NE,Non essential
S000000040,NE,NE,Non essential
S000003886,NE,NE,Non essential
S000003887,NE,NE,Non essential
S000007626,NE,NE,Non essential
S000002456,NE,NE,Non essential
S000000932,NE,NE,Non essential
S000000930,NE,NE,Non essential
S000000936,NE,NE,Non essential
S000003733,NE,NE,Non essential
S000005458,NE,NE,Non essential
S000002288,NE,NE,Non essential
S000003620,NE,NE,Non essential
S000000673,NE,NE,Non essential
S000001118,NE,NE,Non essential
S000001119,NE,NE,Non essential
S000001115,NE,NE,Non essential
S000002721,NE,NE,Non essential
S000002722,NE,NE,Non essential
S000004728,NE,NE,Non essential
S000004727,NE,NE,Non essential
S000004724,NE,NE,Non essential
S000004722,NE,NE,Non essential
S000004721,NE,NE,Non essential
S000002723,NE,NE,Non essential
S000005098,NE,NE,Non essential
S000005097,NE,NE,Non essential
S000001717,NE,NE,Non essential
S000002724,NE,NE,Non essential
S000005419,NE,NE,Non essential
S000005412,NE,NE,Non essential
S000005416,NE,NE,Non essential
S000005415,NE,NE,Non essential
S000001392,NE,NE,Non essential
S000001393,NE,NE,Non essential
S000001395,NE,NE,Non essential
S000001396,NE,NE,Non essential
S000003848,NE,NE,Non essential
S000005895,NE,NE,Non essential
S000005670,NE,NE,Non essential
S000001570,NE,NE,Non essential
S000005679,NE,NE,Non essential
S000001577,NE,NE,Non essential
S000002384,NE,NE,Non essential
S000002385,NE,NE,Non essential
S000001011,NE,NE,Non essential
S000006272,NE,NE,Non essential
S000006273,NE,NE,Non essential
S000006276,NE,NE,Non essential
S000006277,NE,NE,Non essential
S000003719,NE,NE,Non essential
S000003713,NE,NE,Non essential
S000001016,NE,NE,Non essential
S000003022,NE,NE,Non essential
S000001014,NE,NE,Non essential
S000001023,NE,NE,Non essential
S000003754,NE,NE,Non essential
S000002562,NE,NE,Non essential
S000001232,NE,NE,Non essential
S000003727,NE,NE,Non essential
S000000541,NE,NE,Non essential
S000000544,NE,NE,Non essential
S000000897,NE,NE,Non essential
S000000893,NE,NE,Non essential
S000000947,NE,NE,Non essential
S000000944,NE,NE,Non essential
S000000945,NE,NE,Non essential
S000006232,NE,NE,Non essential
S000006233,NE,NE,Non essential
S000000764,NE,NE,Non essential
S000000762,NE,NE,Non essential
S000000763,NE,NE,Non essential
S000000768,NE,NE,Non essential
S000002816,NE,NE,Non essential
S000002817,NE,NE,Non essential
S000002818,NE,NE,Non essential
S000002819,NE,NE,Non essential
S000002223,NE,NE,Non essential
S000002224,NE,NE,Non essential
S000005908,NE,NE,Non essential
S000002236,NE,NE,Non essential
S000000366,NE,NE,Non essential
S000000367,NE,NE,Non essential
S000001244,NE,NE,Non essential
S000001245,NE,NE,Non essential
S000002329,NE,NE,Non essential
S000003500,NE,NE,Non essential
S000004734,NE,NE,Non essential
S000004737,NE,NE,Non essential
S000004736,NE,NE,Non essential
S000004730,NE,NE,Non essential
S000005063,NE,NE,Non essential
S000005060,NE,NE,Non essential
S000005067,NE,NE,Non essential
S000005065,NE,NE,Non essential
S000001703,NE,NE,Non essential
S000003913,NE,NE,Non essential
S000005463,NE,NE,Non essential
S000001387,NE,NE,Non essential
S000001386,NE,NE,Non essential
S000001382,NE,NE,Non essential
S000003858,NE,NE,Non essential
S000001567,NE,NE,Non essential
S000005638,NE,NE,Non essential
S000001562,NE,NE,Non essential
S000005747,NE,NE,Non essential
S000003518,NE,NE,Non essential
S000003062,NE,NE,Non essential
S000005289,NE,NE,Non essential
S000006266,NE,NE,Non essential
S000005284,NE,NE,Non essential
S000003519,NE,NE,Non essential
S000003708,NE,NE,Non essential
S000003069,NE,NE,Non essential
S000003704,NE,NE,Non essential
S000003707,NE,NE,Non essential
S000005157,NE,NE,Non essential
S000003702,NE,NE,Non essential
S000003038,NE,NE,Non essential
S000003032,NE,NE,Non essential
S000003035,NE,NE,Non essential
S000003034,NE,NE,Non essential
S000003520,NE,NE,Non essential
S000003263,NE,NE,Non essential
S000003260,NE,NE,Non essential
S000003266,NE,NE,Non essential
S000003863,NE,NE,Non essential
S000001673,NE,NE,Non essential
S000001671,NE,NE,Non essential
S000006398,NE,NE,Non essential
S000004483,NE,NE,Non essential
S000002468,NE,NE,Non essential
S000004480,NE,NE,Non essential
S000000958,NE,NE,Non essential
S000004955,NE,NE,Non essential
S000000957,NE,NE,Non essential
S000000956,NE,NE,Non essential
S000000953,NE,NE,Non essential
S000001474,NE,NE,Non essential
S000004957,NE,NE,Non essential
S000003867,NE,NE,Non essential
S000005839,NE,NE,Non essential
S000005838,NE,NE,Non essential
S000000778,NE,NE,Non essential
S000002801,NE,NE,Non essential
S000002800,NE,NE,Non essential
S000002803,NE,NE,Non essential
S000002807,NE,NE,Non essential
S000002313,NE,NE,Non essential
S000005617,NE,NE,Non essential
S000003513,NE,NE,Non essential
S000003663,NE,NE,Non essential
S000005616,NE,NE,Non essential
S000000377,NE,NE,Non essential
S000000376,NE,NE,Non essential
S000001417,NE,NE,Non essential
S000003514,NE,NE,Non essential
S000001416,NE,NE,Non essential
S000000203,NE,NE,Non essential
S000001415,NE,NE,Non essential
S000003901,NE,NE,Non essential
S000003516,NE,NE,Non essential
S000004701,NE,NE,Non essential
S000004702,NE,NE,Non essential
S000004703,NE,NE,Non essential
S000004704,NE,NE,Non essential
S000004706,NE,NE,Non essential
S000004708,NE,NE,Non essential
S000005071,NE,NE,Non essential
S000005073,NE,NE,Non essential
S000004079,NE,NE,Non essential
S000004073,NE,NE,Non essential
S000003517,NE,NE,Non essential
S000004074,NE,NE,Non essential
S000004075,NE,NE,Non essential
S000005612,NE,NE,Non essential
S000001331,NE,NE,Non essential
S000004005,NE,NE,Non essential
S000004551,NE,NE,Non essential
S000003405,NE,NE,Non essential
S000004553,NE,NE,Non essential
S000001593,NE,NE,Non essential
S000001596,NE,NE,Non essential
S000001597,NE,NE,Non essential
S000001599,NE,NE,Non essential
S000005619,NE,NE,Non essential
S000005201,NE,NE,Non essential
S000002375,NE,NE,Non essential
S000005978,NE,NE,Non essential
S000006168,NE,NE,Non essential
S000002374,NE,NE,Non essential
S000005298,NE,NE,Non essential
S000006256,NE,NE,Non essential
S000006253,NE,NE,Non essential
S000005291,NE,NE,Non essential
S000005290,NE,NE,Non essential
S000006258,NE,NE,Non essential
S000005296,NE,NE,Non essential
S000001917,NE,NE,Non essential
S000003048,NE,NE,Non essential
S000006030,NE,NE,Non essential
S000006031,NE,NE,Non essential
S000006032,NE,NE,Non essential
S000006034,NE,NE,Non essential
S000006036,NE,NE,Non essential
S000006037,NE,NE,Non essential
S000002629,NE,NE,Non essential
S000003192,NE,NE,Non essential
S000007348,NE,NE,Non essential
S000000566,NE,NE,Non essential
S000001419,NE,NE,Non essential
S000000964,NE,NE,Non essential
S000000965,NE,NE,Non essential
S000000966,NE,NE,Non essential
S000000968,NE,NE,Non essential
S000002418,NE,NE,Non essential
S000000741,NE,NE,Non essential
S000002830,NE,NE,Non essential
S000002832,NE,NE,Non essential
S000002412,NE,NE,Non essential
S000002411,NE,NE,Non essential
S000003312,NE,NE,Non essential
S000001197,NE,NE,Non essential
S000001079,NE,NE,Non essential
S000000345,NE,NE,Non essential
S000000341,NE,NE,Non essential
S000001508,NE,NE,Non essential
S000004241,NE,NE,Non essential
S000004240,NE,NE,Non essential
S000004243,NE,NE,Non essential
S000005045,NE,NE,Non essential
S000005041,NE,NE,Non essential
S000005043,NE,NE,Non essential
S000001764,NE,NE,Non essential
S000005048,NE,NE,Non essential
S000001763,NE,NE,Non essential
S000001762,NE,NE,Non essential
S000005440,NE,NE,Non essential
S000005441,NE,NE,Non essential
S000005444,NE,NE,Non essential
S000005446,NE,NE,Non essential
S000005447,NE,NE,Non essential
S000005449,NE,NE,Non essential
S000003871,NE,NE,Non essential
S000001850,NE,NE,Non essential
S000001584,NE,NE,Non essential
S000001586,NE,NE,Non essential
S000001589,NE,NE,Non essential
S000002481,NE,NE,Non essential
S000001124,NE,NE,Non essential
S000001512,NE,NE,Non essential
S000003852,NE,NE,Non essential
S000029705,NE,NE,Non essential
S000002633,NE,NE,Non essential
S000006249,NE,NE,Non essential
S000006241,NE,NE,Non essential
S000006247,NE,NE,Non essential
S000002585,NE,NE,Non essential
S000001905,NE,NE,Non essential
S000001907,NE,NE,Non essential
S000001906,NE,NE,Non essential
S000001903,NE,NE,Non essential
S000001902,NE,NE,Non essential
S000005585,NE,NE,Non essential
S000001093,NE,NE,Non essential
S000005625,NE,NE,Non essential
S000005626,NE,NE,Non essential
S000005627,NE,NE,Non essential
S000006028,NE,NE,Non essential
S000006025,NE,NE,Non essential
S000003051,NE,NE,Non essential
S000006022,NE,NE,Non essential
S000006021,NE,NE,Non essential
S000003823,NE,NE,Non essential
S000001654,NE,NE,Non essential
S000001090,NE,NE,Non essential
S000004291,NE,NE,Non essential
S000003183,NE,NE,Non essential
S000003180,NE,NE,Non essential
S000003184,NE,NE,Non essential
S000003189,NE,NE,Non essential
S000002369,NE,NE,Non essential
S000000977,NE,NE,Non essential
S000000975,NE,NE,Non essential
S000000971,NE,NE,Non essential
S000000978,NE,NE,Non essential
S000003127,NE,NE,Non essential
S000000755,NE,NE,Non essential
S000000750,NE,NE,Non essential
S000002822,NE,NE,Non essential
S000002740,NE,NE,Non essential
S000002741,NE,NE,Non essential
S000000353,NE,NE,Non essential
S000001224,NE,NE,Non essential
S000004275,NE,NE,Non essential
S000004276,NE,NE,Non essential
S000004271,NE,NE,Non essential
S000004279,NE,NE,Non essential
S000004502,NE,NE,Non essential
S000005584,NE,NE,Non essential
S000001752,NE,NE,Non essential
S000001758,NE,NE,Non essential
S000001759,NE,NE,Non essential
S000005456,NE,NE,Non essential
S000005455,NE,NE,Non essential
S000005453,NE,NE,Non essential
S000005452,NE,NE,Non essential
S000005450,NE,NE,Non essential
S000004181,NE,NE,Non essential
S000002258,NE,NE,Non essential
S000003842,NE,NE,Non essential
S000002259,NE,NE,Non essential
S000001760,NE,NE,Non essential
S000004982,NE,NE,Non essential
S000004980,NE,NE,Non essential
S000003844,NE,NE,Non essential
S000004989,NE,NE,Non essential
S000005059,NE,NE,Non essential
S000005051,NE,NE,Non essential
S000005050,NE,NE,Non essential
S000006235,NE,NE,Non essential
S000001939,NE,NE,Non essential
S000005905,NE,NE,Non essential
S000001934,NE,NE,Non essential
S000001937,NE,NE,Non essential
S000005637,NE,NE,Non essential
S000003068,NE,NE,Non essential
S000005578,NE,NE,Non essential
S000005894,NE,NE,Non essential
S000002235,NE,NE,Non essential
S000002177,NE,NE,Non essential
S000000507,NE,NE,Non essential
S000003318,NE,NE,Non essential
S000003310,NE,NE,Non essential
S000005593,NE,NE,Non essential
S000002855,NE,NE,Non essential
S000000323,NE,NE,Non essential
S000000329,NE,NE,Non essential
S000005540,NE,NE,Non essential
S000005749,NE,NE,Non essential
S000002669,NE,NE,Non essential
S000004260,NE,NE,Non essential
S000001747,NE,NE,Non essential
S000004518,NE,NE,Non essential
S000004049,NE,NE,Non essential
S000004048,NE,NE,Non essential
S000001777,NE,NE,Non essential
S000003476,NE,NE,Non essential
S000003891,NE,NE,Non essential
S000003890,NE,NE,Non essential
S000003893,NE,NE,Non essential
S000003892,NE,NE,Non essential
S000004199,NE,NE,Non essential
S000004197,NE,NE,Non essential
S000004191,NE,NE,Non essential
S000004190,NE,NE,Non essential
S000004193,NE,NE,Non essential
S000003159,NE,NE,Non essential
S000004128,NE,NE,Non essential
S000004997,NE,NE,Non essential
S000004990,NE,NE,Non essential
S000004992,NE,NE,Non essential
S000005028,NE,NE,Non essential
S000005029,NE,NE,Non essential
S000005026,NE,NE,Non essential
S000005027,NE,NE,Non essential
S000006228,NE,NE,Non essential
S000006225,NE,NE,Non essential
S000006227,NE,NE,Non essential
S000006226,NE,NE,Non essential
S000006222,NE,NE,Non essential
S000005936,NE,NE,Non essential
S000005930,NE,NE,Non essential
S000001929,NE,NE,Non essential
S000001926,NE,NE,Non essential
S000004046,NE,NE,Non essential
S000004045,NE,NE,Non essential
S000002690,NE,NE,Non essential
S000003796,NE,NE,Non essential
S000002697,NE,NE,Non essential
S000003797,NE,NE,Non essential
S000003794,NE,NE,Non essential
S000002253,NE,NE,Non essential
S000005498,NE,NE,Non essential
S000002262,NE,NE,Non essential
S000000515,NE,NE,Non essential
S000000517,NE,NE,Non essential
S000000516,NE,NE,Non essential
S000003898,NE,NE,Non essential
S000002349,NE,NE,Non essential
S000005639,NE,NE,Non essential
S000002843,NE,NE,Non essential
S000001109,NE,NE,Non essential
S000003906,NE,NE,Non essential
S000000336,NE,NE,Non essential
S000000330,NE,NE,Non essential
S000004460,NE,NE,Non essential
S000006010,NE,NE,Non essential
S000001639,NE,NE,Non essential
S000002342,NE,NE,Non essential
S000002104,NE,NE,Non essential
S000001243,NE,NE,Non essential
S000005489,NE,NE,Non essential
S000005484,NE,NE,Non essential
S000001632,NE,NE,Non essential
S000006019,NE,NE,Non essential
S000001631,NE,NE,Non essential
S000004524,NE,NE,Non essential
S000004034,NE,NE,Non essential
S000004528,NE,NE,Non essential
S000005481,NE,NE,Non essential
S000003909,NE,NE,Non essential
S000005482,NE,NE,Non essential
S000001241,NE,NE,Non essential
S000002390,NE,NE,Non essential
S000002432,NE,NE,Non essential
S000002393,NE,NE,Non essential
S000002395,NE,NE,Non essential
S000001488,NE,NE,Non essential
S000001247,NE,NE,Non essential
S000006389,NE,NE,Non essential
S000001484,NE,NE,Non essential
S000001485,NE,NE,Non essential
S000003938,NE,NE,Non essential
S000005038,NE,NE,Non essential
S000005035,NE,NE,Non essential
S000005034,NE,NE,Non essential
S000005036,NE,NE,Non essential
S000006212,NE,NE,Non essential
S000006217,NE,NE,Non essential
S000005925,NE,NE,Non essential
S000001268,NE,NE,Non essential
S000001269,NE,NE,Non essential
S000001264,NE,NE,Non essential
S000003464,NE,NE,Non essential
S000001263,NE,NE,Non essential
S000002680,NE,NE,Non essential
S000003465,NE,NE,Non essential
S000002754,NE,NE,Non essential
S000002433,NE,NE,Non essential
S000002275,NE,NE,Non essential
S000003165,NE,NE,Non essential
S000000435,NE,NE,Non essential
S000003824,NE,NE,Non essential
S000005486,NE,NE,Non essential
S000001063,NE,NE,Non essential
S000006128,NE,NE,Non essential
S000002397,NE,NE,Non essential
S000006129,NE,NE,Non essential
S000003332,NE,NE,Non essential
S000003333,NE,NE,Non essential
S000002661,NE,NE,Non essential
S000002271,NE,NE,Non essential
S000000786,NE,NE,Non essential
S000000788,NE,NE,Non essential
S000000789,NE,NE,Non essential
S000005119,NE,NE,Non essential
S000002873,NE,NE,Non essential
S000002877,NE,NE,Non essential
S000002878,NE,NE,Non essential
S000002214,NE,NE,Non essential
S000002217,NE,NE,Non essential
S000002210,NE,NE,Non essential
S000002333,NE,NE,Non essential
S000004760,NE,NE,Non essential
S000001250,NE,NE,Non essential
S000000301,NE,NE,Non essential
S000000656,NE,NE,Non essential
S000002664,NE,NE,Non essential
S000004208,NE,NE,Non essential
S000003046,NE,NE,Non essential
S000004024,NE,NE,Non essential
S000004022,NE,NE,Non essential
S000004028,NE,NE,Non essential
S000001121,NE,NE,Non essential
S000002692,NE,NE,Non essential
S000003819,NE,NE,Non essential
S000001499,NE,NE,Non essential
S000001498,NE,NE,Non essential
S000001493,NE,NE,Non essential
S000001492,NE,NE,Non essential
S000001490,NE,NE,Non essential
S000002378,NE,NE,Non essential
S000005552,NE,NE,Non essential
S000005553,NE,NE,Non essential
S000005551,NE,NE,Non essential
S000005008,NE,NE,Non essential
S000005558,NE,NE,Non essential
S000004537,NE,NE,Non essential
S000003924,NE,NE,Non essential
S000006207,NE,NE,Non essential
S000005958,NE,NE,Non essential
S000005772,NE,NE,Non essential
S000006208,NE,NE,Non essential
S000001272,NE,NE,Non essential
S000001019,NE,NE,Non essential
S000002678,NE,NE,Non essential
S000003691,NE,NE,Non essential
S000002674,NE,NE,Non essential
S000000821,NE,NE,Non essential
S000000822,NE,NE,Non essential
S000000829,NE,NE,Non essential
S000000539,NE,NE,Non essential
S000000538,NE,NE,Non essential
S000003325,NE,NE,Non essential
S000003328,NE,NE,Non essential
S000004965,NE,NE,Non essential
S000004966,NE,NE,Non essential
S000004967,NE,NE,Non essential
S000003813,NE,NE,Non essential
S000004961,NE,NE,Non essential
S000002864,NE,NE,Non essential
S000002860,NE,NE,Non essential
S000003928,NE,NE,Non essential
S000004968,NE,NE,Non essential
S000002673,NE,NE,Non essential
S000005717,NE,NE,Non essential
S000005779,NE,NE,Non essential
S000003690,NE,NE,Non essential
S000000319,NE,NE,Non essential
S000000318,NE,NE,Non essential
S000000315,NE,NE,Non essential
S000000792,NE,NE,Non essential
S000000790,NE,NE,Non essential
S000003561,NE,NE,Non essential
S000003816,NE,NE,Non essential
S000004231,NE,NE,Non essential
S000004232,NE,NE,Non essential
S000004234,NE,NE,Non essential
S000004235,NE,NE,Non essential
S000004236,NE,NE,Non essential
S000004238,NE,NE,Non essential
S000004563,NE,NE,Non essential
S000002665,NE,NE,Non essential
S000003415,NE,NE,Non essential
S000003416,NE,NE,Non essential
S000003410,NE,NE,Non essential
S000005967,NE,NE,Non essential
S000001462,NE,NE,Non essential
S000004946,NE,NE,Non essential
S000004494,NE,NE,Non essential
S000004948,NE,NE,Non essential
S000004497,NE,NE,Non essential
S000005962,NE,NE,Non essential
S000003419,NE,NE,Non essential
S000005543,NE,NE,Non essential
S000005014,NE,NE,Non essential
S000004545,NE,NE,Non essential
S000004014,NE,NE,Non essential
S000004543,NE,NE,Non essential
S000001206,NE,NE,Non essential
S000005969,NE,NE,Non essential
S000001201,NE,NE,Non essential
S000001688,NE,NE,Non essential
S000001680,NE,NE,Non essential
S000003132,NE,NE,Non essential
S000003131,NE,NE,Non essential
S000003135,NE,NE,Non essential
S000006095,NE,NE,Non essential
S000006093,NE,NE,Non essential
S000006091,NE,NE,Non essential
S000000816,NE,NE,Non essential
S000000818,NE,NE,Non essential
S000000819,NE,NE,Non essential
S000003356,NE,NE,Non essential
S000003357,NE,NE,Non essential
S000003355,NE,NE,Non essential
S000004129,NE,NE,Non essential
S000005368,NE,NE,Non essential
S000005225,NE,NE,Non essential
S000000491,NE,NE,Non essential
S000000492,NE,NE,Non essential
S000000493,NE,NE,Non essential
S000000494,NE,NE,Non essential
S000000495,NE,NE,Non essential
S000003801,NE,NE,Non essential
S000003201,NE,NE,Non essential
S000006322,NE,NE,Non essential
S000003300,NE,NE,Non essential
S000005221,NE,NE,Non essential
S000004716,NE,NE,Non essential
S000002334,NE,NE,Non essential
S000004229,NE,NE,Non essential
S000002621,NE,NE,Non essential
S000004421,NE,NE,Non essential
S000003573,NE,NE,Non essential
S000003094,NE,NE,Non essential
S000004390,NE,NE,Non essential
S000000109,NE,NE,Non essential
S000000103,NE,NE,Non essential
S000000104,NE,NE,Non essential
S000001060,NE,NE,Non essential
S000004484,NE,NE,Non essential
S000004489,NE,NE,Non essential
S000004488,NE,NE,Non essential
S000003624,NE,NE,Non essential
S000001471,NE,NE,Non essential
S000005575,NE,NE,Non essential
S000005577,NE,NE,Non essential
S000004559,NE,NE,Non essential
S000004007,NE,NE,Non essential
S000004004,NE,NE,Non essential
S000005203,NE,NE,Non essential
S000005975,NE,NE,Non essential
S000005757,NE,NE,Non essential
S000001214,NE,NE,Non essential
S000001219,NE,NE,Non essential
S000005680,NE,NE,Non essential
S000005681,NE,NE,Non essential
S000001165,NE,NE,Non essential
S000004666,NE,NE,Non essential
S000005186,NE,NE,Non essential
S000005310,NE,NE,Non essential
S000001699,NE,NE,Non essential
S000001698,NE,NE,Non essential
S000001690,NE,NE,Non essential
S000001696,NE,NE,Non essential
S000003129,NE,NE,Non essential
S000003698,NE,NE,Non essential
S000002746,NE,NE,Non essential
S000002744,NE,NE,Non essential
S000006088,NE,NE,Non essential
S000001476,NE,NE,Non essential
S000006085,NE,NE,Non essential
S000006086,NE,NE,Non essential
S000003344,NE,NE,Non essential
S000003342,NE,NE,Non essential
S000006436,NE,NE,Non essential
S000006437,NE,NE,Non essential
S000001709,NE,NE,Non essential
S000000485,NE,NE,Non essential
S000000484,NE,NE,Non essential
S000000483,NE,NE,Non essential
S000000480,NE,NE,Non essential
S000000807,NE,NE,Non essential
S000000804,NE,NE,Non essential
S000002319,NE,NE,Non essential
S000000662,NE,NE,Non essential
S000000661,NE,NE,Non essential
S000000664,NE,NE,Non essential
S000002318,NE,NE,Non essential
S000000680,NE,NE,Non essential
S000004505,NE,NE,Non essential
S000000118,NE,NE,Non essential
S000000111,NE,NE,Non essential
S000000113,NE,NE,Non essential
S000000112,NE,NE,Non essential
S000000115,NE,NE,Non essential
S000000117,NE,NE,Non essential
S000000552,NE,NE,Non essential
S000002225,NE,NE,Non essential
S000005219,NE,NE,Non essential
S000001444,NE,NE,Non essential
S000001440,NE,NE,Non essential
S000001441,NE,NE,Non essential
S000001199,NE,NE,Non essential
S000005569,NE,NE,Non essential
S000005568,NE,NE,Non essential
S000005218,NE,NE,Non essential
S000005563,NE,NE,Non essential
S000005565,NE,NE,Non essential
S000005564,NE,NE,Non essential
S000004560,NE,NE,Non essential
S000004562,NE,NE,Non essential
S000004565,NE,NE,Non essential
S000005742,NE,NE,Non essential
S000005963,NE,NE,Non essential
S000005745,NE,NE,Non essential
S000004610,NE,NE,Non essential
S000004611,NE,NE,Non essential
S000004616,NE,NE,Non essential
S000004617,NE,NE,Non essential
S000004614,NE,NE,Non essential
S000005697,NE,NE,Non essential
S000005691,NE,NE,Non essential
S000005690,NE,NE,Non essential
S000005692,NE,NE,Non essential
S000006059,NE,NE,Non essential
S000001569,NE,NE,Non essential
S000006056,NE,NE,Non essential
S000001568,NE,NE,Non essential
S000006054,NE,NE,Non essential
S000005011,NE,NE,Non essential
S000003111,NE,NE,Non essential
S000003112,NE,NE,Non essential
S000002756,NE,NE,Non essential
S000002303,NE,NE,Non essential
S000002497,NE,NE,Non essential
S000001467,NE,NE,Non essential
S000003595,NE,NE,Non essential
S000003596,NE,NE,Non essential
S000003598,NE,NE,Non essential
S000003376,NE,NE,Non essential
S000001059,NE,NE,Non essential
S000003244,NE,NE,Non essential
S000002499,NE,NE,Non essential
S000000471,NE,NE,Non essential
S000000475,NE,NE,Non essential
S000000479,NE,NE,Non essential
S000000877,NE,NE,Non essential
S000000875,NE,NE,Non essential
S000000870,NE,NE,Non essential
S000000871,NE,NE,Non essential
S000000903,NE,NE,Non essential
S000000612,NE,NE,Non essential
S000000610,NE,NE,Non essential
S000001469,NE,NE,Non essential
S000001179,NE,NE,Non essential
S000000277,NE,NE,Non essential
S000002542,NE,NE,Non essential
S000002547,NE,NE,Non essential
S000002178,NE,NE,Non essential
S000002549,NE,NE,Non essential
S000000298,NE,NE,Non essential
S000000299,NE,NE,Non essential
S000000290,NE,NE,Non essential
S000003860,NE,NE,Non essential
S000001847,NE,NE,Non essential
S000003635,NE,NE,Non essential
S000000128,NE,NE,Non essential
S000000120,NE,NE,Non essential
S000003638,NE,NE,Non essential
S000004972,NE,NE,Non essential
S000001456,NE,NE,Non essential
S000001182,NE,NE,Non essential
S000005511,NE,NE,Non essential
S000003964,NE,NE,Non essential
S000004574,NE,NE,Non essential
S000003963,NE,NE,Non essential
S000004570,NE,NE,Non essential
S000004578,NE,NE,Non essential
S000005734,NE,NE,Non essential
S000005223,NE,NE,Non essential
S000004600,NE,NE,Non essential
S000004604,NE,NE,Non essential
S000004606,NE,NE,Non essential
S000004521,NE,NE,Non essential
S000003861,NE,NE,Non essential
S000005285,NE,NE,Non essential
S000002180,NE,NE,Non essential
S000004546,NE,NE,Non essential
S000003104,NE,NE,Non essential
S000002760,NE,NE,Non essential
S000003582,NE,NE,Non essential
S000003580,NE,NE,Non essential
S000003589,NE,NE,Non essential
S000002239,NE,NE,Non essential
S000003367,NE,NE,Non essential
S000003365,NE,NE,Non essential
S000003364,NE,NE,Non essential
S000000615,NE,NE,Non essential
S000002672,NE,NE,Non essential
S000000465,NE,NE,Non essential
S000000464,NE,NE,Non essential
S000000467,NE,NE,Non essential
S000004322,NE,NE,Non essential
S000000867,NE,NE,Non essential
S000000861,NE,NE,Non essential
S000000553,NE,NE,Non essential
S000000604,NE,NE,Non essential
S000000602,NE,NE,Non essential
S000000608,NE,NE,Non essential
S000006005,NE,NE,Non essential
S000005251,NE,NE,Non essential
S000006007,NE,NE,Non essential
S000005492,NE,NE,Non essential
S000005496,NE,NE,Non essential
S000000288,NE,NE,Non essential
S000001142,NE,NE,Non essential
S000000285,NE,NE,Non essential
S000001645,NE,NE,Non essential
S000001643,NE,NE,Non essential
S000001640,NE,NE,Non essential
S000000133,NE,NE,Non essential
S000000132,NE,NE,Non essential
S000002971,NE,NE,Non essential
S000002974,NE,NE,Non essential
S000002977,NE,NE,Non essential
S000004906,NE,NE,Non essential
S000004905,NE,NE,Non essential
S000004902,NE,NE,Non essential
S000004900,NE,NE,Non essential
S000003952,NE,NE,Non essential
S000003955,NE,NE,Non essential
S000004539,NE,NE,Non essential
S000005724,NE,NE,Non essential
S000005727,NE,NE,Non essential
S000004638,NE,NE,Non essential
S000005723,NE,NE,Non essential
S000004631,NE,NE,Non essential
S000005366,NE,NE,Non essential
S000002198,NE,NE,Non essential
S000002193,NE,NE,Non essential
S000003124,NE,NE,Non essential
S000005232,NE,NE,Non essential
S000005237,NE,NE,Non essential
S000005236,NE,NE,Non essential
S000005235,NE,NE,Non essential
S000003932,NE,NE,Non essential
S000003933,NE,NE,Non essential
S000003936,NE,NE,Non essential
S000003937,NE,NE,Non essential
S000003935,NE,NE,Non essential
S000003391,NE,NE,Non essential
S000005929,NE,NE,Non essential
S000003455,NE,NE,Non essential
S000005923,NE,NE,Non essential
S000003457,NE,NE,Non essential
S000005922,NE,NE,Non essential
S000000450,NE,NE,Non essential
S000000452,NE,NE,Non essential
S000000453,NE,NE,Non essential
S000002204,NE,NE,Non essential
S000000850,NE,NE,Non essential
S000000851,NE,NE,Non essential
S000000853,NE,NE,Non essential
S000000855,NE,NE,Non essential
S000000857,NE,NE,Non essential
S000004771,NE,NE,Non essential
S000000630,NE,NE,Non essential
S000000632,NE,NE,Non essential
S000000633,NE,NE,Non essential
S000007496,NE,NE,Non essential
S000004801,NE,NE,Non essential
S000001204,NE,NE,Non essential
S000001146,NE,NE,Non essential
S000000147,NE,NE,Non essential
S000000145,NE,NE,Non essential
S000000143,NE,NE,Non essential
S000000148,NE,NE,Non essential
S000005241,NE,NE,Non essential
S000002941,NE,NE,Non essential
S000004915,NE,NE,Non essential
S000004917,NE,NE,Non essential
S000004910,NE,NE,Non essential
S000004378,NE,NE,Non essential
S000005531,NE,NE,Non essential
S000005532,NE,NE,Non essential
S000005533,NE,NE,Non essential
S000003949,NE,NE,Non essential
S000003946,NE,NE,Non essential
S000003944,NE,NE,Non essential
S000003942,NE,NE,Non essential
S000000880,NE,NE,Non essential
S000004623,NE,NE,Non essential
S000004621,NE,NE,Non essential
S000004625,NE,NE,Non essential
S000004624,NE,NE,Non essential
S000004629,NE,NE,Non essential
S000004628,NE,NE,Non essential
S000002743,NE,NE,Non essential
S000007605,NE,NE,Non essential
S000001473,NE,NE,Non essential
S000002160,NE,NE,Non essential
S000005399,NE,NE,Non essential
S000002164,NE,NE,Non essential
S000005390,NE,NE,Non essential
S000005392,NE,NE,Non essential
S000003247,NE,NE,Non essential
S000005249,NE,NE,Non essential
S000005714,NE,NE,Non essential
S000005818,NE,NE,Non essential
S000003162,NE,NE,Non essential
S000002706,NE,NE,Non essential
S000004116,NE,NE,Non essential
S000002701,NE,NE,Non essential
S000002663,NE,NE,Non essential
S000002708,NE,NE,Non essential
S000003381,NE,NE,Non essential
S000004970,NE,NE,Non essential
S000003384,NE,NE,Non essential
S000003389,NE,NE,Non essential
S000004977,NE,NE,Non essential
S000004976,NE,NE,Non essential
S000004975,NE,NE,Non essential
S000000954,NE,NE,Non essential
S000001150,NE,NE,Non essential
S000005861,NE,NE,Non essential
S000005864,NE,NE,Non essential
S000005865,NE,NE,Non essential
S000001773,NE,NE,Non essential
S000000449,NE,NE,Non essential
S000000443,NE,NE,Non essential
S000000846,NE,NE,Non essential
S000000844,NE,NE,Non essential
S000000843,NE,NE,Non essential
S000000842,NE,NE,Non essential
S000000849,NE,NE,Non essential
S000000848,NE,NE,Non essential
S000000629,NE,NE,Non essential
S000000628,NE,NE,Non essential
S000000623,NE,NE,Non essential
S000000621,NE,NE,Non essential
S000000772,NE,NE,Non essential
S000007253,NE,NE,Non essential
S000003420,NE,NE,Non essential
S000004571,NE,NE,Non essential
S000003425,NE,NE,Non essential
S000003426,NE,NE,Non essential
S000000157,NE,NE,Non essential
S000000156,NE,NE,Non essential
S000000151,NE,NE,Non essential
S000000153,NE,NE,Non essential
S000002957,NE,NE,Non essential
S000004430,NE,NE,Non essential
S000001407,NE,NE,Non essential
S000004385,NE,NE,Non essential
S000004380,NE,NE,Non essential
S000004381,NE,NE,Non essential
S000005528,NE,NE,Non essential
S000004651,NE,NE,Non essential
S000005738,NE,NE,Non essential
S000001032,NE,NE,Non essential
S000002273,NE,NE,Non essential
S000000071,NE,NE,Non essential
S000005383,NE,NE,Non essential
S000001378,NE,NE,Non essential
S000001372,NE,NE,Non essential
S000001370,NE,NE,Non essential
S000002277,NE,NE,Non essential
S000005259,NE,NE,Non essential
S000005701,NE,NE,Non essential
S000003151,NE,NE,Non essential
S000003158,NE,NE,Non essential
S000003628,NE,NE,Non essential
S000002715,NE,NE,Non essential
S000002714,NE,NE,Non essential
S000002713,NE,NE,Non essential
S000002712,NE,NE,Non essential
S000003168,NE,NE,Non essential
S000005896,NE,NE,Non essential
S000004932,NE,NE,Non essential
S000000521,NE,NE,Non essential
S000005878,NE,NE,Non essential
S000005871,NE,NE,Non essential
S000005873,NE,NE,Non essential
S000005421,NE,NE,Non essential
S000005426,NE,NE,Non essential
S000000379,NE,NE,Non essential
S000000439,NE,NE,Non essential
S000000437,NE,NE,Non essential
S000005357,NE,NE,Non essential
S000000432,NE,NE,Non essential
S000000433,NE,NE,Non essential
S000003811,NE,NE,Non essential
S000003449,NE,NE,Non essential
S000003442,NE,NE,Non essential
S000003446,NE,NE,Non essential
S000003812,NE,NE,Non essential
S000000380,NE,NE,Non essential
S000000383,NE,NE,Non essential
S000000384,NE,NE,Non essential
S000005649,NE,NE,Non essential
S000006333,NE,NE,Non essential
S000006332,NE,NE,Non essential
S000006331,NE,NE,Non essential
S000003210,NE,NE,Non essential
S000001152,NE,NE,Non essential
S000003748,NE,NE,Non essential
S000002931,NE,NE,Non essential
S000002612,NE,NE,Non essential
S000002613,NE,NE,Non essential
S000002932,NE,NE,Non essential
S000005422,NE,NE,Non essential
S000003625,NE,NE,Non essential
S000001174,NE,NE,Non essential
S000001176,NE,NE,Non essential
S000000163,NE,NE,Non essential
S000002183,NE,NE,Non essential
S000002927,NE,NE,Non essential
S000002925,NE,NE,Non essential
S000002921,NE,NE,Non essential
S000004393,NE,NE,Non essential
S000004397,NE,NE,Non essential
S000004395,NE,NE,Non essential
S000004930,NE,NE,Non essential
S000004428,NE,NE,Non essential
S000007247,NE,NE,Non essential
S000004644,NE,NE,Non essential
S000004647,NE,NE,Non essential
S000004641,NE,NE,Non essential
S000004640,NE,NE,Non essential
S000003269,NE,NE,Non essential
S000003996,NE,NE,Non essential
S000001369,NE,NE,Non essential
S000002490,NE,NE,Non essential
S000002491,NE,NE,Non essential
S000001361,NE,NE,Non essential
S000001365,NE,NE,Non essential
S000004920,NE,NE,Non essential
S000000234,NE,NE,Non essential
S000004097,NE,NE,Non essential
S000005260,NE,NE,Non essential
S000005264,NE,NE,Non essential
S000005265,NE,NE,Non essential
S000005269,NE,NE,Non essential
S000003146,NE,NE,Non essential
S000003141,NE,NE,Non essential
S000005112,NE,NE,Non essential
S000005113,NE,NE,Non essential
S000005111,NE,NE,Non essential
S000003109,NE,NE,Non essential
S000007547,NE,NE,Non essential
S000004254,NE,NE,Non essential
S000006395,NE,NE,Non essential
S000006396,NE,NE,Non essential
S000005849,NE,NE,Non essential
S000006393,NE,NE,Non essential
S000000425,NE,NE,Non essential
S000000424,NE,NE,Non essential
S000003459,NE,NE,Non essential
S000005072,NE,NE,Non essential
S000005883,NE,NE,Non essential
S000005079,NE,NE,Non essential
S000005078,NE,NE,Non essential
S000000395,NE,NE,Non essential
S000000391,NE,NE,Non essential
S000005884,NE,NE,Non essential
S000004928,NE,NE,Non essential
S000005885,NE,NE,Non essential
S000001156,NE,NE,Non essential
S000004896,NE,NE,Non essential
S000000178,NE,NE,Non essential
S000000174,NE,NE,Non essential
S000005475,NE,NE,Non essential
S000002937,NE,NE,Non essential
S000000659,NE,NE,Non essential
S000004410,NE,NE,Non essential
S000004411,NE,NE,Non essential
S000004412,NE,NE,Non essential
S000004413,NE,NE,Non essential
S000004419,NE,NE,Non essential
S000003866,NE,NE,Non essential
S000003994,NE,NE,Non essential
S000003991,NE,NE,Non essential
S000003993,NE,NE,Non essential
S000004099,NE,NE,Non essential
S000004815,NE,NE,Non essential
S000000657,NE,NE,Non essential
S000000655,NE,NE,Non essential
S000004898,NE,NE,Non essential
S000003557,NE,NE,Non essential
S000004891,NE,NE,Non essential
S000004893,NE,NE,Non essential
S000004897,NE,NE,Non essential
S000006165,NE,NE,Non essential
S000004814,NE,NE,Non essential
