Standard name	Standard name2	Final usage in training
C1_13730C_A	C1_13730C_A	Essential
C4_03740W_A	C4_03740W_A	Essential
C5_03920C_A	C5_03920C_A	Essential
C3_00250C_A	C3_00250C_A	Essential
CR_02590C_A	CR_02590C_A	Essential
C2_03280W_A	C2_03280W_A	Essential
C3_07390C_A	C3_07390C_A	Essential
C1_11300C_A	C1_11300C_A	Essential
C2_00220C_A	C2_00220C_A	Essential
C2_01220W_A	C2_01220W_A	Essential
C6_00780W_A	C6_00780W_A	Essential
CR_01140C_A	CR_01140C_A	Essential
C5_02120C_A	C5_02120C_A	Essential
C3_04300C_A	C3_04300C_A	Essential
C2_08810C_A	C2_08810C_A	Essential
CR_08150W_A	CR_08150W_A	Essential
C1_01260C_A	C1_01260C_A	Essential
C1_03300C_A	C1_03300C_A	Essential
C1_01480C_A	C1_01480C_A	Essential
C1_12670C_A	C1_12670C_A	Essential
C4_04480C_A	C4_04480C_A	Essential
C3_06500W_A	C3_06500W_A	Essential
C4_01770W_A	C4_01770W_A	Essential
CR_09160C_A	CR_09160C_A	Essential
C2_10710W_A	C2_10710W_A	Essential
C3_04830C_A	C3_04830C_A	Essential
C4_01650C_A	C4_01650C_A	Essential
C7_01030C_A	C7_01030C_A	Essential
C2_09320C_A	C2_09320C_A	Essential
C4_02420C_A	C4_02420C_A	Essential
C5_02070C_A	C5_02070C_A	Essential
C2_06000W_A	C2_06000W_A	Essential
CR_08660W_A	CR_08660W_A	Essential
C3_06720W_A	C3_06720W_A	Essential
C5_03830C_A	C5_03830C_A	Essential
C4_03030C_A	C4_03030C_A	Essential
C2_04930C_A	C2_04930C_A	Essential
C5_01390C_A	C5_01390C_A	Essential
CR_05550C_A	CR_05550C_A	Essential
CR_06960W_A	CR_06960W_A	Essential
C4_04120C_A	C4_04120C_A	Essential
C2_07460W_A	C2_07460W_A	Essential
C3_06810W_A	C3_06810W_A	Essential
C5_04750C_A	C5_04750C_A	Essential
C2_02800W_A	C2_02800W_A	Essential
C1_03350C_A	C1_03350C_A	Essential
C2_09900C_A	C2_09900C_A	Essential
C4_02830C_A	C4_02830C_A	Essential
C2_04020C_A	C2_04020C_A	Essential
C1_10320W_A	C1_10320W_A	Essential
C1_04040C_A	C1_04040C_A	Essential
C3_03390C_A	C3_03390C_A	Essential
C7_00690W_A	C7_00690W_A	Essential
C6_04520W_A	C6_04520W_A	Essential
C1_13030C_A	C1_13030C_A	Essential
C5_03760C_A	C5_03760C_A	Essential
C2_07330W_A	C2_07330W_A	Essential
CR_00990W_A	CR_00990W_A	Essential
C1_12050W_A	C1_12050W_A	Essential
CR_01690C_A	CR_01690C_A	Essential
C1_06710W_A	C1_06710W_A	Essential
CR_03090C_A	CR_03090C_A	Essential
C5_01280C_A	C5_01280C_A	Essential
C1_00950C_A	C1_00950C_A	Essential
C7_01810W_A	C7_01810W_A	Essential
C2_01830W_A	C2_01830W_A	Essential
C5_05490C_A	C5_05490C_A	Essential
C3_05160C_A	C3_05160C_A	Essential
C2_00290W_A	C2_00290W_A	Essential
C2_06650C_A	C2_06650C_A	Essential
C1_10040W_A	C1_10040W_A	Essential
CR_09890C_A	CR_09890C_A	Essential
C4_02140C_A	C4_02140C_A	Essential
C5_00040C_A	C5_00040C_A	Essential
CR_04380C_A	CR_04380C_A	Essential
C1_01590C_A	C1_01590C_A	Essential
C1_14460W_A	C1_14460W_A	Essential
C6_01150W_A	C6_01150W_A	Essential
C4_06270C_A	C4_06270C_A	Essential
C2_02450C_A	C2_02450C_A	Essential
C2_07450C_A	C2_07450C_A	Essential
CR_03010C_A	CR_03010C_A	Essential
C1_06540C_A	C1_06540C_A	Essential
C4_05650W_A	C4_05650W_A	Essential
CR_06340C_A	CR_06340C_A	Essential
C1_01130W_A	C1_01130W_A	Essential
CR_05520W_A	CR_05520W_A	Essential
CR_01040C_A	CR_01040C_A	Essential
C1_11090C_A	C1_11090C_A	Essential
C3_00720W_A	C3_00720W_A	Essential
C3_02450W_A	C3_02450W_A	Essential
C1_06770W_A	C1_06770W_A	Essential
C2_09430W_A	C2_09430W_A	Essential
C2_02540W_A	C2_02540W_A	Essential
CR_02970C_A	CR_02970C_A	Essential
C1_05420W_A	C1_05420W_A	Essential
C5_04720C_A	C5_04720C_A	Essential
C1_09170W_A	C1_09170W_A	Essential
C4_02980W_A	C4_02980W_A	Essential
C1_05230W_A	C1_05230W_A	Essential
C4_05230C_A	C4_05230C_A	Essential
C2_09670C_A	C2_09670C_A	Essential
C1_02790W_A	C1_02790W_A	Essential
C6_02590C_A	C6_02590C_A	Essential
CR_10700W_A	CR_10700W_A	Essential
C7_03630C_A	C7_03630C_A	Essential
CR_10550W_A	CR_10550W_A	Essential
C2_01510C_A	C2_01510C_A	Essential
C2_05280C_A	C2_05280C_A	Essential
C2_05830C_A	C2_05830C_A	Essential
C2_09640W_A	C2_09640W_A	Essential
C3_03170W_A	C3_03170W_A	Essential
C5_03790W_A	C5_03790W_A	Essential
C2_07350W_A	C2_07350W_A	Essential
C1_05290W_A	C1_05290W_A	Essential
C1_01110C_A	C1_01110C_A	Essential
C3_04560W_A	C3_04560W_A	Essential
C2_10100W_A	C2_10100W_A	Essential
C5_05300W_A	C5_05300W_A	Essential
C4_03090W_A	C4_03090W_A	Essential
CR_09480W_A	CR_09480W_A	Essential
C1_14410W_A	C1_14410W_A	Essential
C1_08010W_A	C1_08010W_A	Essential
C7_02550C_A	C7_02550C_A	Essential
C4_05330C_A	C4_05330C_A	Essential
C1_08560W_A	C1_08560W_A	Essential
CR_00460C_A	CR_00460C_A	Essential
C1_03500W_A	C1_03500W_A	Essential
C3_07460W_A	C3_07460W_A	Essential
C1_08160W_A	C1_08160W_A	Essential
C4_04290W_A	C4_04290W_A	Essential
C5_03120W_A	C5_03120W_A	Essential
CR_10490W_A	CR_10490W_A	Essential
C3_02690C_A	C3_02690C_A	Essential
CR_08640C_A	CR_08640C_A	Essential
C4_02630C_A	C4_02630C_A	Essential
CR_04360C_A	CR_04360C_A	Essential
C5_01580C_A	C5_01580C_A	Essential
C2_00380C_A	C2_00380C_A	Essential
C3_03300C_A	C3_03300C_A	Essential
C2_04580W_A	C2_04580W_A	Essential
C7_02950C_A	C7_02950C_A	Essential
C1_04130W_A	C1_04130W_A	Essential
C4_05210W_A	C4_05210W_A	Essential
C1_12380C_A	C1_12380C_A	Essential
C6_03720W_A	C6_03720W_A	Essential
C1_10790W_A	C1_10790W_A	Essential
C1_04830W_A	C1_04830W_A	Essential
C3_06200C_A	C3_06200C_A	Essential
C2_05730C_A	C2_05730C_A	Essential
C2_08610W_A	C2_08610W_A	Essential
CR_04450C_A	CR_04450C_A	Essential
C7_00560C_A	C7_00560C_A	Essential
C1_02510W_A	C1_02510W_A	Essential
C1_03800W_A	C1_03800W_A	Essential
C5_00770C_A	C5_00770C_A	Essential
C1_04070C_A	C1_04070C_A	Essential
C4_01870C_A	C4_01870C_A	Essential
C3_04230W_A	C3_04230W_A	Essential
C1_12220W_A	C1_12220W_A	Essential
C1_09510W_A	C1_09510W_A	Essential
C2_04240C_A	C2_04240C_A	Essential
CR_04910W_A	CR_04910W_A	Essential
C1_14240W_A	C1_14240W_A	Essential
C4_02790C_A	C4_02790C_A	Essential
C3_01000W_A	C3_01000W_A	Essential
C1_12680W_A	C1_12680W_A	Essential
C6_01920C_A	C6_01920C_A	Essential
C2_00030W_A	C2_00030W_A	Essential
C2_10770W_A	C2_10770W_A	Essential
C1_03630W_A	C1_03630W_A	Essential
CR_07750C_A	CR_07750C_A	Essential
CR_01430W_A	CR_01430W_A	Essential
C3_05800W_A	C3_05800W_A	Essential
CR_01950W_A	CR_01950W_A	Essential
C4_02280W_A	C4_02280W_A	Essential
C7_00210C_A	C7_00210C_A	Essential
C1_12310C_A	C1_12310C_A	Essential
C4_06490C_A	C4_06490C_A	Essential
CR_10300W_A	CR_10300W_A	Essential
CR_04020C_A	CR_04020C_A	Essential
C5_00690C_A	C5_00690C_A	Essential
C2_04640C_A	C2_04640C_A	Essential
CR_03830C_A	CR_03830C_A	Essential
C5_01690C_A	C5_01690C_A	Essential
CR_04260W_A	CR_04260W_A	Essential
C2_03060W_A	C2_03060W_A	Essential
C2_07670C_A	C2_07670C_A	Essential
C1_07260C_A	C1_07260C_A	Essential
C2_06240W_A	C2_06240W_A	Essential
C1_02880C_A	C1_02880C_A	Essential
C1_00810W_A	C1_00810W_A	Essential
CR_06720W_A	CR_06720W_A	Essential
C1_10620W_A	C1_10620W_A	Essential
C1_00660C_A	C1_00660C_A	Essential
C7_02790C_A	C7_02790C_A	Essential
C1_07360W_A	C1_07360W_A	Essential
C2_07380W_A	C2_07380W_A	Essential
C6_00370C_A	C6_00370C_A	Essential
C1_02710W_A	C1_02710W_A	Essential
C5_05040W_A	C5_05040W_A	Essential
C3_03930W_A	C3_03930W_A	Essential
C2_00830C_A	C2_00830C_A	Essential
C3_01860C_A	C3_01860C_A	Essential
CR_00800C_A	CR_00800C_A	Essential
C4_00970C_A	C4_00970C_A	Essential
C1_02480W_A	C1_02480W_A	Essential
C3_03840C_A	C3_03840C_A	Essential
C2_03070C_A	C2_03070C_A	Essential
C1_13550C_A	C1_13550C_A	Essential
C2_07060W_A	C2_07060W_A	Essential
C4_06500W_A	C4_06500W_A	Essential
C6_01040C_A	C6_01040C_A	Essential
C4_00240C_A	C4_00240C_A	Essential
C7_00050C_A	C7_00050C_A	Essential
C3_01480C_A	C3_01480C_A	Essential
C2_05680W_A	C2_05680W_A	Essential
CR_00640W_A	CR_00640W_A	Essential
C7_00530C_A	C7_00530C_A	Essential
C1_08870C_A	C1_08870C_A	Essential
C5_05350W_A	C5_05350W_A	Essential
C1_03530W_A	C1_03530W_A	Essential
C3_02130W_A	C3_02130W_A	Essential
C2_04880C_A	C2_04880C_A	Essential
C7_00620W_A	C7_00620W_A	Essential
C1_07410C_A	C1_07410C_A	Essential
C1_11380W_A	C1_11380W_A	Essential
C1_00070W_A	C1_00070W_A	Essential
C1_14440C_A	C1_14440C_A	Essential
C3_07110W_A	C3_07110W_A	Essential
C6_00750C_A	C6_00750C_A	Essential
CR_05050W_A	CR_05050W_A	Essential
C4_02640C_A	C4_02640C_A	Essential
C2_06310C_A	C2_06310C_A	Essential
C3_02280C_A	C3_02280C_A	Essential
C3_03060W_A	C3_03060W_A	Essential
C2_04500W_A	C2_04500W_A	Essential
C6_01890C_A	C6_01890C_A	Essential
CR_08590W_A	CR_08590W_A	Essential
C3_00350W_A	C3_00350W_A	Essential
C1_08590C_A	C1_08590C_A	Essential
C1_03520W_A	C1_03520W_A	Essential
C4_07100C_A	C4_07100C_A	Essential
C1_10120C_A	C1_10120C_A	Essential
CR_06740W_A	CR_06740W_A	Essential
C1_08600C_A	C1_08600C_A	Essential
C3_07780C_A	C3_07780C_A	Essential
C3_01530C_A	C3_01530C_A	Essential
C2_08930W_A	C2_08930W_A	Essential
C7_00990W_A	C7_00990W_A	Essential
CR_01420W_A	CR_01420W_A	Essential
C1_12360C_A	C1_12360C_A	Essential
C7_01450C_A	C7_01450C_A	Essential
CR_04170W_A	CR_04170W_A	Essential
C3_00290W_A	C3_00290W_A	Essential
CR_10290C_A	CR_10290C_A	Essential
CR_04280C_A	CR_04280C_A	Essential
CR_07030C_A	CR_07030C_A	Essential
C1_13700W_A	C1_13700W_A	Essential
CR_01990C_A	CR_01990C_A	Essential
C1_00560W_A	C1_00560W_A	Essential
CR_02550C_A	CR_02550C_A	Essential
C2_09520C_A	C2_09520C_A	Essential
C1_06080C_A	C1_06080C_A	Essential
CR_00100C_A	CR_00100C_A	Essential
CR_02610C_A	CR_02610C_A	Essential
C2_05340C_A	C2_05340C_A	Essential
CR_06180W_A	CR_06180W_A	Essential
C3_03750C_A	C3_03750C_A	Essential
C6_02320C_A	C6_02320C_A	Essential
C2_03990W_A	C2_03990W_A	Essential
C1_01330C_A	C1_01330C_A	Essential
C4_01280C_A	C4_01280C_A	Essential
C5_01240W_A	C5_01240W_A	Essential
C5_05370C_A	C5_05370C_A	Essential
C4_04510W_A	C4_04510W_A	Essential
C3_00560C_A	C3_00560C_A	Essential
CR_03360W_A	CR_03360W_A	Essential
C1_10100C_A	C1_10100C_A	Essential
C4_00880W_A	C4_00880W_A	Essential
C5_01640W_A	C5_01640W_A	Essential
CR_07330W_A	CR_07330W_A	Essential
C5_04740C_A	C5_04740C_A	Essential
C3_05770C_A	C3_05770C_A	Essential
C4_07060W_A	C4_07060W_A	Essential
CR_06120W_A	CR_06120W_A	Essential
CR_02890C_A	CR_02890C_A	Essential
C4_06830C_A	C4_06830C_A	Essential
C2_10740C_A	C2_10740C_A	Essential
C3_01990W_A	C3_01990W_A	Essential
C3_00770C_A	C3_00770C_A	Essential
C3_01160W_A	C3_01160W_A	Essential
C5_02030W_A	C5_02030W_A	Essential
C1_11790W_A	C1_11790W_A	Essential
C2_10060C_A	C2_10060C_A	Essential
C2_04860W_A	C2_04860W_A	Essential
C1_13020C_A	C1_13020C_A	Essential
C7_03700C_A	C7_03700C_A	Essential
C1_07190W_A	C1_07190W_A	Essential
C1_01820C_A	C1_01820C_A	Essential
C5_01780W_A	C5_01780W_A	Essential
C2_10680W_A	C2_10680W_A	Essential
C5_03840W_A	C5_03840W_A	Essential
C1_06960W_A	C1_06960W_A	Essential
C4_00220C_A	C4_00220C_A	Essential
CR_05140W_A	CR_05140W_A	Essential
C2_07120W_A	C2_07120W_A	Essential
C1_01670C_A	C1_01670C_A	Essential
C2_02430W_A	C2_02430W_A	Essential
C1_10950C_A	C1_10950C_A	Essential
C7_02320W_A	C7_02320W_A	Essential
C1_01530C_A	C1_01530C_A	Essential
C1_03340C_A	C1_03340C_A	Essential
C6_02440C_A	C6_02440C_A	Essential
CR_02090C_A	CR_02090C_A	Essential
C2_02870W_A	C2_02870W_A	Essential
C1_08290C_A	C1_08290C_A	Essential
C3_04180W_A	C3_04180W_A	Essential
C4_02470C_A	C4_02470C_A	Essential
C3_00830C_A	C3_00830C_A	Essential
CR_06490C_A	CR_06490C_A	Essential
CR_04110W_A	CR_04110W_A	Essential
C3_04900W_A	C3_04900W_A	Essential
C7_02460C_A	C7_02460C_A	Essential
C7_00550C_A	C7_00550C_A	Essential
C3_03330C_A	C3_03330C_A	Essential
C3_04060C_A	C3_04060C_A	Essential
C2_02810C_A	C2_02810C_A	Essential
C2_10760C_A	C2_10760C_A	Essential
C2_03920C_A	C2_03920C_A	Essential
C4_01490W_A	C4_01490W_A	Essential
C2_09380W_A	C2_09380W_A	Essential
C5_02550C_A	C5_02550C_A	Essential
C4_05690W_A	C4_05690W_A	Essential
CR_10240W_A	CR_10240W_A	Essential
CR_05660W_A	CR_05660W_A	Essential
C7_03660C_A	C7_03660C_A	Essential
CR_10540C_A	CR_10540C_A	Essential
C2_05230C_A	C2_05230C_A	Essential
CR_03200C_A	CR_03200C_A	Essential
C5_05130C_A	C5_05130C_A	Essential
CR_09800C_A	CR_09800C_A	Essential
C1_07110W_A	C1_07110W_A	Essential
C2_08560W_A	C2_08560W_A	Essential
C1_01050C_A	C1_01050C_A	Essential
CR_07000C_A	CR_07000C_A	Essential
C1_11420W_A	C1_11420W_A	Essential
C3_00500C_A	C3_00500C_A	Essential
C3_05530W_A	C3_05530W_A	Essential
CR_04470W_A	CR_04470W_A	Essential
C1_00710C_A	C1_00710C_A	Essential
C5_04080C_A	C5_04080C_A	Essential
C7_03390C_A	C7_03390C_A	Essential
CR_10470C_A	CR_10470C_A	Essential
C2_05690C_A	C2_05690C_A	Essential
C2_10200W_A	C2_10200W_A	Essential
C3_05150W_A	C3_05150W_A	Essential
C3_06650C_A	C3_06650C_A	Essential
C6_02220W_A	C6_02220W_A	Essential
C7_01970C_A	C7_01970C_A	Essential
C2_04530W_A	C2_04530W_A	Essential
C5_00110C_A	C5_00110C_A	Essential
C1_02160W_A	C1_02160W_A	Essential
C4_02800W_A	C4_02800W_A	Essential
C3_00110C_A	C3_00110C_A	Essential
C5_03160W_A	C5_03160W_A	Essential
C5_00790C_A	C5_00790C_A	Essential
C3_03650W_A	C3_03650W_A	Essential
C1_14150C_A	C1_14150C_A	Essential
C4_02100C_A	C4_02100C_A	Essential
C2_07340W_A	C2_07340W_A	Essential
C2_05090W_A	C2_05090W_A	Essential
C4_05660C_A	C4_05660C_A	Essential
C6_03110C_A	C6_03110C_A	Essential
C2_04680W_A	C2_04680W_A	Essential
CR_08630W_A	CR_08630W_A	Essential
C1_03080C_A	C1_03080C_A	Essential
C7_00470C_A	C7_00470C_A	Essential
C2_01480W_A	C2_01480W_A	Essential
C4_07190W_A	C4_07190W_A	Essential
C2_06660W_A	C2_06660W_A	Essential
C1_07460C_A	C1_07460C_A	Essential
C4_05570C_A	C4_05570C_A	Essential
C1_07490C_A	C1_07490C_A	Essential
C1_09460W_A	C1_09460W_A	Essential
C2_00410C_A	C2_00410C_A	Essential
CR_01760C_A	CR_01760C_A	Essential
C5_04990W_A	C5_04990W_A	Essential
C4_03840C_A	C4_03840C_A	Essential
C4_01680W_A	C4_01680W_A	Essential
C2_04310W_A	C2_04310W_A	Essential
C2_02150C_A	C2_02150C_A	Essential
C2_06820C_A	C2_06820C_A	Essential
C5_03110C_A	C5_03110C_A	Essential
C4_01740W_A	C4_01740W_A	Essential
CR_03750C_A	CR_03750C_A	Essential
C1_05240C_A	C1_05240C_A	Essential
C3_01720C_A	C3_01720C_A	Essential
C6_03350C_A	C6_03350C_A	Essential
C1_13580W_A	C1_13580W_A	Essential
C4_06000W_A	C4_06000W_A	Essential
C4_01080W_A	C4_01080W_A	Essential
CR_05650W_A	CR_05650W_A	Essential
C4_06800W_A	C4_06800W_A	Essential
C6_04270W_A	C6_04270W_A	Essential
C1_08660C_A	C1_08660C_A	Essential
C5_02150C_A	C5_02150C_A	Essential
C2_07490W_A	C2_07490W_A	Essential
C3_07800C_A	C3_07800C_A	Essential
C2_00070C_A	C2_00070C_A	Essential
CR_01700C_A	CR_01700C_A	Essential
CR_06850C_A	CR_06850C_A	Essential
C4_00800W_A	C4_00800W_A	Essential
C1_11220C_A	C1_11220C_A	Essential
C1_05460W_A	C1_05460W_A	Essential
CR_01750C_A	CR_01750C_A	Essential
C2_07470W_A	C2_07470W_A	Essential
CR_07950W_A	CR_07950W_A	Essential
C4_05010W_A	C4_05010W_A	Essential
C1_10920W_A	C1_10920W_A	Essential
C2_07310W_A	C2_07310W_A	Essential
C5_02490C_A	C5_02490C_A	Essential
C2_01120W_A	C2_01120W_A	Essential
C1_01570C_A	C1_01570C_A	Essential
C7_01300C_A	C7_01300C_A	Essential
C4_02430W_A	C4_02430W_A	Essential
C1_08140W_A	C1_08140W_A	Essential
C7_00570W_A	C7_00570W_A	Essential
C1_10660W_A	C1_10660W_A	Essential
C4_02770C_A	C4_02770C_A	Essential
C5_02020C_A	C5_02020C_A	Essential
C4_02780W_A	C4_02780W_A	Essential
C2_02730W_A	C2_02730W_A	Essential
C2_08380C_A	C2_08380C_A	Essential
C2_05100C_A	C2_05100C_A	Essential
C7_04130C_A	C7_04130C_A	Essential
C1_02240W_A	C1_02240W_A	Essential
CR_04540C_A	CR_04540C_A	Essential
C4_06870W_A	C4_06870W_A	Essential
C1_14080W_A	C1_14080W_A	Essential
C1_04280C_A	C1_04280C_A	Essential
C1_10880W_A	C1_10880W_A	Essential
C7_02510W_A	C7_02510W_A	Essential
C3_01560W_A	C3_01560W_A	Essential
C1_04390C_A	C1_04390C_A	Essential
C2_09840W_A	C2_09840W_A	Essential
C2_03200W_A	C2_03200W_A	Essential
C3_04400C_A	C3_04400C_A	Essential
C4_06930C_A	C4_06930C_A	Essential
C1_00940W_A	C1_00940W_A	Essential
CR_00580W_A	CR_00580W_A	Essential
C1_13900C_A	C1_13900C_A	Essential
C2_06250C_A	C2_06250C_A	Essential
C6_00530C_A	C6_00530C_A	Essential
C4_04830W_A	C4_04830W_A	Essential
C1_08450C_A	C1_08450C_A	Essential
C2_10340W_A	C2_10340W_A	Essential
C1_00340W_A	C1_00340W_A	Essential
C2_07940C_A	C2_07940C_A	Essential
C4_03150W_A	C4_03150W_A	Essential
C5_01930W_A	C5_01930W_A	Essential
C1_00620W_A	C1_00620W_A	Essential
CR_08910C_A	CR_08910C_A	Essential
C1_09530W_A	C1_09530W_A	Essential
C5_00660C_A	C5_00660C_A	Essential
C3_00420W_A	C3_00420W_A	Essential
CR_10820W_A	CR_10820W_A	Essential
C6_00640C_A	C6_00640C_A	Essential
CR_03600C_A	CR_03600C_A	Essential
C1_04420C_A	C1_04420C_A	Essential
C1_09860C_A	C1_09860C_A	Essential
C3_02020W_A	C3_02020W_A	Essential
C4_05760W_A	C4_05760W_A	Essential
C2_08310W_A	C2_08310W_A	Essential
CR_01350C_A	CR_01350C_A	Essential
C4_03040W_A	C4_03040W_A	Essential
C1_07700C_A	C1_07700C_A	Essential
C2_03010C_A	C2_03010C_A	Essential
C4_02060C_A	C4_02060C_A	Essential
C3_02180C_A	C3_02180C_A	Essential
C3_02230C_A	C3_02230C_A	Essential
C3_04380C_A	C3_04380C_A	Essential
C6_04030W_A	C6_04030W_A	Essential
C1_05780W_A	C1_05780W_A	Essential
C4_07220C_A	C4_07220C_A	Essential
C4_06410W_A	C4_06410W_A	Essential
C2_04510W_A	C2_04510W_A	Essential
C2_06360C_A	C2_06360C_A	Essential
C2_03870W_A	C2_03870W_A	Essential
C7_03850W_A	C7_03850W_A	Essential
CR_06450W_A	CR_06450W_A	Essential
C7_04270C_A	C7_04270C_A	Essential
C3_02440C_A	C3_02440C_A	Essential
C1_07830C_A	C1_07830C_A	Essential
C2_06640C_A	C2_06640C_A	Essential
C1_11130W_A	C1_11130W_A	Essential
CR_06050W_A	CR_06050W_A	Essential
C3_06520C_A	C3_06520C_A	Essential
C6_04160C_A	C6_04160C_A	Essential
CR_10520C_A	CR_10520C_A	Essential
C1_05030C_A	C1_05030C_A	Essential
C2_00280C_A	C2_00280C_A	Essential
C5_04100W_A	C5_04100W_A	Essential
C4_05170C_A	C4_05170C_A	Essential
C2_06230W_A	C2_06230W_A	Essential
C2_05670C_A	C2_05670C_A	Essential
C1_14260C_A	C1_14260C_A	Essential
CR_10390W_A	CR_10390W_A	Essential
C3_07250W_A	C3_07250W_A	Essential
CR_09740W_A	CR_09740W_A	Essential
C1_00110W_A	C1_00110W_A	Essential
C7_02060W_A	C7_02060W_A	Essential
CR_02370W_A	CR_02370W_A	Essential
C1_12350W_A	C1_12350W_A	Essential
C2_06120C_A	C2_06120C_A	Essential
CR_00520C_A	CR_00520C_A	Essential
C3_02840W_A	C3_02840W_A	Essential
CR_02680W_A	CR_02680W_A	Essential
CR_05100W_A	CR_05100W_A	Essential
C2_06300W_A	C2_06300W_A	Essential
CR_01120C_A	CR_01120C_A	Essential
C3_07810C_A	C3_07810C_A	Essential
C7_04190C_A	C7_04190C_A	Essential
C5_04700C_A	C5_04700C_A	Essential
C2_07960C_A	C2_07960C_A	Essential
C3_07950C_A	C3_07950C_A	Essential
C2_02500W_A	C2_02500W_A	Essential
C2_00950C_A	C2_00950C_A	Essential
C5_05340W_A	C5_05340W_A	Essential
C3_07410C_A	C3_07410C_A	Essential
C3_02490C_A	C3_02490C_A	Essential
C4_06790W_A	C4_06790W_A	Essential
C1_06760C_A	C1_06760C_A	Essential
CR_03340C_A	CR_03340C_A	Essential
C3_06100C_A	C3_06100C_A	Essential
CR_06480C_A	CR_06480C_A	Essential
C4_05220C_A	C4_05220C_A	Essential
CR_03740C_A	CR_03740C_A	Essential
C3_05560W_A	C3_05560W_A	Essential
C2_01530C_A	C2_01530C_A	Essential
C5_02480W_A	C5_02480W_A	Essential
CR_01390W_A	CR_01390W_A	Essential
C1_03070C_A	C1_03070C_A	Essential
C1_00600W_A	C1_00600W_A	Essential
CR_06750C_A	CR_06750C_A	Essential
C3_01700W_A	C3_01700W_A	Essential
C5_00150C_A	C5_00150C_A	Essential
C3_00490W_A	C3_00490W_A	Essential
CR_01360W_A	CR_01360W_A	Essential
C7_01830W_A	C7_01830W_A	Essential
C7_00780W_A	C7_00780W_A	Essential
C1_14230C_A	C1_14230C_A	Essential
CR_07380C_A	CR_07380C_A	Essential
C7_04020C_A	C7_04020C_A	Essential
C1_09710C_A	C1_09710C_A	Essential
C6_04120C_A	C6_04120C_A	Essential
C1_10970W_A	C1_10970W_A	Essential
CR_03910C_A	CR_03910C_A	Essential
C1_14390W_A	C1_14390W_A	Essential
C1_00900W_A	C1_00900W_A	Essential
C4_02090C_A	C4_02090C_A	Essential
C3_06030W_A	C3_06030W_A	Essential
C7_03250C_A	C7_03250C_A	Essential
C6_02610C_A	C6_02610C_A	Essential
CR_08100C_A	CR_08100C_A	Essential
C7_03050W_A	C7_03050W_A	Essential
CR_02520W_A	CR_02520W_A	Essential
C6_00650C_A	C6_00650C_A	Essential
C4_04650W_A	C4_04650W_A	Essential
C4_05630W_A	C4_05630W_A	Essential
C5_01600C_A	C5_01600C_A	Essential
C5_00920W_A	C5_00920W_A	Essential
CR_05700C_A	CR_05700C_A	Essential
C5_02730C_A	C5_02730C_A	Essential
C6_01980C_A	C6_01980C_A	Essential
C2_04200W_A	C2_04200W_A	Essential
CR_01230C_A	CR_01230C_A	Essential
C3_04370C_A	C3_04370C_A	Essential
C1_10670C_A	C1_10670C_A	Essential
CR_06840W_A	CR_06840W_A	Essential
C3_03400C_A	C3_03400C_A	Essential
CR_03990C_A	CR_03990C_A	Essential
C4_06810C_A	C4_06810C_A	Essential
C2_09020W_A	C2_09020W_A	Essential
CR_07210W_A	CR_07210W_A	Essential
CR_10620C_A	CR_10620C_A	Essential
C5_00300C_A	C5_00300C_A	Essential
C1_12810W_A	C1_12810W_A	Essential
C3_07710W_A	C3_07710W_A	Essential
CR_05630W_A	CR_05630W_A	Essential
C5_02230W_A	C5_02230W_A	Essential
CR_00400C_A	CR_00400C_A	Essential
C2_02460W_A	C2_02460W_A	Essential
C2_09720W_A	C2_09720W_A	Essential
C1_08740C_A	C1_08740C_A	Essential
C4_05340W_A	C4_05340W_A	Essential
C2_04570W_A	C2_04570W_A	Essential
CR_02110W_A	CR_02110W_A	Essential
CR_04660C_A	CR_04660C_A	Essential
C3_02780W_A	C3_02780W_A	Essential
C3_06750W_A	C3_06750W_A	Essential
CR_04810W_A	CR_04810W_A	Essential
C7_02780W_A	C7_02780W_A	Essential
CR_10680W_A	CR_10680W_A	Essential
C7_01210C_A	C7_01210C_A	Essential
C4_00510C_A	C4_00510C_A	Essential
C5_04090C_A	C5_04090C_A	Essential
C1_07690C_A	C1_07690C_A	Essential
C2_05540C_A	C2_05540C_A	Essential
C4_00520W_A	C4_00520W_A	Essential
C1_09010W_A	C1_09010W_A	Essential
CR_08490W_A	CR_08490W_A	Essential
C3_05760W_A	C3_05760W_A	Essential
CR_02710W_A	CR_02710W_A	Essential
C1_12820C_A	C1_12820C_A	Essential
C3_00660W_A	C3_00660W_A	Essential
CR_02420W_A	CR_02420W_A	Essential
C1_13300C_A	C1_13300C_A	Essential
C2_03880C_A	C2_03880C_A	Essential
C6_02260C_A	C6_02260C_A	Essential
C6_03120W_A	C6_03120W_A	Essential
CR_04040C_A	CR_04040C_A	Essential
C6_03210C_A	C6_03210C_A	Essential
C5_04660C_A	C5_04660C_A	Essential
C4_03270W_A	C4_03270W_A	Essential
CR_07720C_A	CR_07720C_A	Essential
C2_05790C_A	C2_05790C_A	Essential
C7_03670W_A	C7_03670W_A	Essential
C4_03130W_A	C4_03130W_A	Essential
C4_03790W_A	C4_03790W_A	Essential
C3_06440W_A	C3_06440W_A	Essential
C1_12970C_A	C1_12970C_A	Essential
CR_03650W_A	CR_03650W_A	Essential
C5_05120W_A	C5_05120W_A	Essential
C7_00820W_A	C7_00820W_A	Essential
CR_10430C_A	CR_10430C_A	Essential
C5_02280C_A	C5_02280C_A	Essential
CR_04140W_A	CR_04140W_A	Essential
C6_02360W_A	C6_02360W_A	Essential
C7_01470C_A	C7_01470C_A	Essential
C3_07170C_A	C3_07170C_A	Essential
C3_00860W_A	C3_00860W_A	Essential
C1_14090W_A	C1_14090W_A	Essential
CR_09950C_A	CR_09950C_A	Essential
CR_10060W_A	CR_10060W_A	Essential
C3_02370C_A	C3_02370C_A	Essential
C2_01670C_A	C2_01670C_A	Essential
C5_03360W_A	C5_03360W_A	Essential
C2_05320W_A	C2_05320W_A	Essential
CR_09900C_A	CR_09900C_A	Essential
C7_02870C_A	C7_02870C_A	Essential
C1_12770W_A	C1_12770W_A	Essential
CR_00230W_A	CR_00230W_A	Essential
C6_02980C_A	C6_02980C_A	Essential
C4_01750C_A	C4_01750C_A	Essential
CR_08020C_A	CR_08020C_A	Essential
C2_02630W_A	C2_02630W_A	Essential
CR_09380W_A	CR_09380W_A	Essential
C7_03400C_A	C7_03400C_A	Essential
CR_01050C_A	CR_01050C_A	Essential
C1_08360C_A	C1_08360C_A	Essential
C1_02860C_A	C1_02860C_A	Essential
C1_03560C_A	C1_03560C_A	Essential
C1_10960W_A	C1_10960W_A	Essential
CR_03940W_A	CR_03940W_A	Essential
C4_06600W_A	C4_06600W_A	Essential
C2_09160W_A	C2_09160W_A	Essential
C1_11170W_A	C1_11170W_A	Essential
CR_04780W_A	CR_04780W_A	Essential
C5_04000W_A	C5_04000W_A	Essential
C5_00370W_A	C5_00370W_A	Essential
C4_01440W_A	C4_01440W_A	Essential
C1_02900C_A	C1_02900C_A	Essential
C2_09680W_A	C2_09680W_A	Essential
C4_01670C_A	C4_01670C_A	Essential
C3_03260W_A	C3_03260W_A	Essential
C7_03540C_A	C7_03540C_A	Essential
C4_06030W_A	C4_06030W_A	Essential
CR_09110C_A	CR_09110C_A	Essential
C6_01100W_A	C6_01100W_A	Essential
C2_02200W_A	C2_02200W_A	Non essential
C2_06350C_A	C2_06350C_A	Non essential
C1_05440C_A	C1_05440C_A	Non essential
C4_00110C_A	C4_00110C_A	Non essential
C7_03150W_A	C7_03150W_A	Non essential
CR_04490C_A	CR_04490C_A	Non essential
C3_05230W_A	C3_05230W_A	Non essential
C5_00470C_A	C5_00470C_A	Non essential
CR_07450C_A	CR_07450C_A	Non essential
CR_02120C_A	CR_02120C_A	Non essential
C6_03310W_A	C6_03310W_A	Non essential
C1_05960W_A	C1_05960W_A	Non essential
C1_03470C_A	C1_03470C_A	Non essential
CR_09180W_A	CR_09180W_A	Non essential
C1_04780C_A	C1_04780C_A	Non essential
C5_00730W_A	C5_00730W_A	Non essential
C7_00480W_A	C7_00480W_A	Non essential
C3_05420W_A	C3_05420W_A	Non essential
C2_07270W_A	C2_07270W_A	Non essential
C1_09780C_A	C1_09780C_A	Non essential
CR_01590C_A	CR_01590C_A	Non essential
C1_11580W_A	C1_11580W_A	Non essential
CR_00590W_A	CR_00590W_A	Non essential
C7_01170C_A	C7_01170C_A	Non essential
C1_09260C_A	C1_09260C_A	Non essential
C6_01070C_A	C6_01070C_A	Non essential
CR_09550C_A	CR_09550C_A	Non essential
C1_08620W_A	C1_08620W_A	Non essential
CR_07100W_A	CR_07100W_A	Non essential
C4_05400C_A	C4_05400C_A	Non essential
CR_06500C_A	CR_06500C_A	Non essential
C6_00990W_A	C6_00990W_A	Non essential
CR_09960C_A	CR_09960C_A	Non essential
C2_01910W_A	C2_01910W_A	Non essential
C1_00870W_A	C1_00870W_A	Non essential
C5_01680C_A	C5_01680C_A	Non essential
C4_04770C_A	C4_04770C_A	Non essential
C2_04720C_A	C2_04720C_A	Non essential
C1_06660W_A	C1_06660W_A	Non essential
C3_04110C_A	C3_04110C_A	Non essential
C4_00180W_A	C4_00180W_A	Non essential
CR_09990W_A	CR_09990W_A	Non essential
C5_03330C_A	C5_03330C_A	Non essential
C1_02630C_A	C1_02630C_A	Non essential
C1_02990C_A	C1_02990C_A	Non essential
C7_00260C_A	C7_00260C_A	Non essential
C4_00120W_A	C4_00120W_A	Non essential
C3_03870C_A	C3_03870C_A	Non essential
C7_02110W_A	C7_02110W_A	Non essential
C4_02720C_A	C4_02720C_A	Non essential
C3_01260C_A	C3_01260C_A	Non essential
C2_05770W_A	C2_05770W_A	Non essential
C7_00240W_A	C7_00240W_A	Non essential
C3_03030C_A	C3_03030C_A	Non essential
C3_02190C_A	C3_02190C_A	Non essential
CR_02190C_A	CR_02190C_A	Non essential
C1_03640C_A	C1_03640C_A	Non essential
C6_01350W_A	C6_01350W_A	Non essential
C2_09860C_A	C2_09860C_A	Non essential
C6_02750C_A	C6_02750C_A	Non essential
C2_03770C_A	C2_03770C_A	Non essential
C3_04860W_A	C3_04860W_A	Non essential
C1_09590C_A	C1_09590C_A	Non essential
CR_06610W_A	CR_06610W_A	Non essential
C1_13080W_A	C1_13080W_A	Non essential
C1_09420W_A	C1_09420W_A	Non essential
C5_04180W_A	C5_04180W_A	Non essential
C1_04860W_A	C1_04860W_A	Non essential
C3_01470W_A	C3_01470W_A	Non essential
C1_13140C_A	C1_13140C_A	Non essential
CR_02130W_A	CR_02130W_A	Non essential
CR_00760C_A	CR_00760C_A	Non essential
C7_01950W_A	C7_01950W_A	Non essential
CR_09220C_A	CR_09220C_A	Non essential
C1_04960C_A	C1_04960C_A	Non essential
C2_03330C_A	C2_03330C_A	Non essential
C4_01380W_A	C4_01380W_A	Non essential
CR_01170W_A	CR_01170W_A	Non essential
C4_02310W_A	C4_02310W_A	Non essential
CR_02620C_A	CR_02620C_A	Non essential
C6_00660C_A	C6_00660C_A	Non essential
C1_05340C_A	C1_05340C_A	Non essential
C2_01980C_A	C2_01980C_A	Non essential
CR_09210W_A	CR_09210W_A	Non essential
CR_04570C_A	CR_04570C_A	Non essential
C1_05860W_A	C1_05860W_A	Non essential
C2_02920W_A	C2_02920W_A	Non essential
C1_03870C_A	C1_03870C_A	Non essential
C5_00580W_A	C5_00580W_A	Non essential
C4_05680W_A	C4_05680W_A	Non essential
C4_03590C_A	C4_03590C_A	Non essential
C1_05880W_A	C1_05880W_A	Non essential
C1_00930C_A	C1_00930C_A	Non essential
C3_02640C_A	C3_02640C_A	Non essential
CR_01500W_A	CR_01500W_A	Non essential
C1_08640W_A	C1_08640W_A	Non essential
C4_05880W_A	C4_05880W_A	Non essential
C4_00290C_A	C4_00290C_A	Non essential
C1_00680W_A	C1_00680W_A	Non essential
C6_03850C_A	C6_03850C_A	Non essential
C6_04490W_A	C6_04490W_A	Non essential
C1_04640W_A	C1_04640W_A	Non essential
C2_07650C_A	C2_07650C_A	Non essential
C4_00760W_A	C4_00760W_A	Non essential
CR_02850C_A	CR_02850C_A	Non essential
C3_06310C_A	C3_06310C_A	Non essential
C5_00710W_A	C5_00710W_A	Non essential
C2_02490C_A	C2_02490C_A	Non essential
C1_14010W_A	C1_14010W_A	Non essential
C1_12150C_A	C1_12150C_A	Non essential
C1_07170C_A	C1_07170C_A	Non essential
C2_00640W_A	C2_00640W_A	Non essential
C3_05680W_A	C3_05680W_A	Non essential
CR_06680C_A	CR_06680C_A	Non essential
C1_07230W_A	C1_07230W_A	Non essential
C1_14060W_A	C1_14060W_A	Non essential
C3_04640W_A	C3_04640W_A	Non essential
C3_01330W_A	C3_01330W_A	Non essential
C7_00940W_A	C7_00940W_A	Non essential
C5_05400W_A	C5_05400W_A	Non essential
C2_10630W_A	C2_10630W_A	Non essential
CR_08160W_A	CR_08160W_A	Non essential
C7_02910W_A	C7_02910W_A	Non essential
C5_04130C_A	C5_04130C_A	Non essential
C2_04750W_A	C2_04750W_A	Non essential
C5_03650C_A	C5_03650C_A	Non essential
C3_05190C_A	C3_05190C_A	Non essential
C3_04530C_A	C3_04530C_A	Non essential
C1_14120C_A	C1_14120C_A	Non essential
CR_08430W_A	CR_08430W_A	Non essential
C2_01400C_A	C2_01400C_A	Non essential
C1_08990C_A	C1_08990C_A	Non essential
CR_05940W_A	CR_05940W_A	Non essential
CR_06440C_A	CR_06440C_A	Non essential
C3_04540C_A	C3_04540C_A	Non essential
C3_01730C_A	C3_01730C_A	Non essential
C2_09940W_A	C2_09940W_A	Non essential
C4_02230C_A	C4_02230C_A	Non essential
C1_03960C_A	C1_03960C_A	Non essential
C1_13990W_A	C1_13990W_A	Non essential
CR_05540C_A	CR_05540C_A	Non essential
C1_03920C_A	C1_03920C_A	Non essential
CR_06110C_A	CR_06110C_A	Non essential
C4_02940W_A	C4_02940W_A	Non essential
C3_05610W_A	C3_05610W_A	Non essential
C1_13820C_A	C1_13820C_A	Non essential
C5_03260C_A	C5_03260C_A	Non essential
C1_06020W_A	C1_06020W_A	Non essential
CR_05530C_A	CR_05530C_A	Non essential
CR_05880W_A	CR_05880W_A	Non essential
C7_03260C_A	C7_03260C_A	Non essential
C2_05450C_A	C2_05450C_A	Non essential
C4_00340W_A	C4_00340W_A	Non essential
C3_06790W_A	C3_06790W_A	Non essential
C2_07240C_A	C2_07240C_A	Non essential
C6_03030W_A	C6_03030W_A	Non essential
C1_02520W_A	C1_02520W_A	Non essential
C2_00240C_A	C2_00240C_A	Non essential
C5_02720W_A	C5_02720W_A	Non essential
C1_04460C_A	C1_04460C_A	Non essential
C2_02530W_A	C2_02530W_A	Non essential
C3_05720C_A	C3_05720C_A	Non essential
C1_01440C_A	C1_01440C_A	Non essential
CR_06100C_A	CR_06100C_A	Non essential
C2_00050C_A	C2_00050C_A	Non essential
C4_04360W_A	C4_04360W_A	Non essential
C2_00370W_A	C2_00370W_A	Non essential
C3_00960W_A	C3_00960W_A	Non essential
CR_00120C_A	CR_00120C_A	Non essential
C3_03380W_A	C3_03380W_A	Non essential
CR_09170C_A	CR_09170C_A	Non essential
C1_10810W_A	C1_10810W_A	Non essential
C5_00530W_A	C5_00530W_A	Non essential
CR_03900W_A	CR_03900W_A	Non essential
C1_09020W_A	C1_09020W_A	Non essential
C4_07040W_A	C4_07040W_A	Non essential
C1_11690W_A	C1_11690W_A	Non essential
C4_04710W_A	C4_04710W_A	Non essential
C1_11210C_A	C1_11210C_A	Non essential
C2_00430C_A	C2_00430C_A	Non essential
C6_01810W_A	C6_01810W_A	Non essential
C3_01940C_A	C3_01940C_A	Non essential
C1_05990C_A	C1_05990C_A	Non essential
C4_04530C_A	C4_04530C_A	Non essential
C3_07670W_A	C3_07670W_A	Non essential
CR_06590C_A	CR_06590C_A	Non essential
C1_13510C_A	C1_13510C_A	Non essential
C5_00240W_A	C5_00240W_A	Non essential
C5_01500C_A	C5_01500C_A	Non essential
C2_08870C_A	C2_08870C_A	Non essential
C4_05780C_A	C4_05780C_A	Non essential
CR_07180W_A	CR_07180W_A	Non essential
C3_02680C_A	C3_02680C_A	Non essential
C1_07670W_A	C1_07670W_A	Non essential
C3_02030W_A	C3_02030W_A	Non essential
CR_04350C_A	CR_04350C_A	Non essential
C4_00670W_A	C4_00670W_A	Non essential
C4_00450C_A	C4_00450C_A	Non essential
C1_13770C_A	C1_13770C_A	Non essential
C1_01560W_A	C1_01560W_A	Non essential
C1_03730C_A	C1_03730C_A	Non essential
C3_05180W_A	C3_05180W_A	Non essential
CR_08410W_A	CR_08410W_A	Non essential
C2_06910W_A	C2_06910W_A	Non essential
C3_07730W_A	C3_07730W_A	Non essential
C6_00630W_A	C6_00630W_A	Non essential
C2_10590W_A	C2_10590W_A	Non essential
C1_09180W_A	C1_09180W_A	Non essential
C6_02810C_A	C6_02810C_A	Non essential
C3_02770C_A	C3_02770C_A	Non essential
C4_03050C_A	C4_03050C_A	Non essential
CR_02460W_A	CR_02460W_A	Non essential
CR_09830W_A	CR_09830W_A	Non essential
C3_03050C_A	C3_03050C_A	Non essential
C1_04800C_A	C1_04800C_A	Non essential
C4_05030C_A	C4_05030C_A	Non essential
C6_02850W_A	C6_02850W_A	Non essential
C1_12860C_A	C1_12860C_A	Non essential
C4_02530W_A	C4_02530W_A	Non essential
C3_05910W_A	C3_05910W_A	Non essential
C1_06720C_A	C1_06720C_A	Non essential
C5_03710C_A	C5_03710C_A	Non essential
C1_10560C_A	C1_10560C_A	Non essential
CR_02490W_A	CR_02490W_A	Non essential
C2_09870W_A	C2_09870W_A	Non essential
C4_01010C_A	C4_01010C_A	Non essential
C2_03840C_A	C2_03840C_A	Non essential
C1_06920C_A	C1_06920C_A	Non essential
C4_00440C_A	C4_00440C_A	Non essential
C1_09580C_A	C1_09580C_A	Non essential
CR_08720W_A	CR_08720W_A	Non essential
CR_02040W_A	CR_02040W_A	Non essential
C5_03320C_A	C5_03320C_A	Non essential
C3_06850W_A	C3_06850W_A	Non essential
C3_03440C_A	C3_03440C_A	Non essential
C2_04040C_A	C2_04040C_A	Non essential
C1_12410C_A	C1_12410C_A	Non essential
CR_03290C_A	CR_03290C_A	Non essential
C1_07220W_A	C1_07220W_A	Non essential
C5_05180W_A	C5_05180W_A	Non essential
C5_00840W_A	C5_00840W_A	Non essential
C5_02700W_A	C5_02700W_A	Non essential
CR_07890W_A	CR_07890W_A	Non essential
CR_05990C_A	CR_05990C_A	Non essential
CR_07530C_A	CR_07530C_A	Non essential
C5_02340C_A	C5_02340C_A	Non essential
C4_00580W_A	C4_00580W_A	Non essential
C4_05840W_A	C4_05840W_A	Non essential
C7_03170W_A	C7_03170W_A	Non essential
C1_07430W_A	C1_07430W_A	Non essential
C3_04420W_A	C3_04420W_A	Non essential
CR_00190W_A	CR_00190W_A	Non essential
C4_05810W_A	C4_05810W_A	Non essential
C3_02940C_A	C3_02940C_A	Non essential
C2_09620W_A	C2_09620W_A	Non essential
C3_00240C_A	C3_00240C_A	Non essential
C2_09130C_A	C2_09130C_A	Non essential
CR_01540W_A	CR_01540W_A	Non essential
CR_03640C_A	CR_03640C_A	Non essential
C1_06200W_A	C1_06200W_A	Non essential
C2_09070C_A	C2_09070C_A	Non essential
C6_01460C_A	C6_01460C_A	Non essential
C6_04600W_A	C6_04600W_A	Non essential
C6_03140C_A	C6_03140C_A	Non essential
C6_01740C_A	C6_01740C_A	Non essential
C2_10560C_A	C2_10560C_A	Non essential
C4_06640C_A	C4_06640C_A	Non essential
C1_01240W_A	C1_01240W_A	Non essential
C7_00180W_A	C7_00180W_A	Non essential
C7_02300W_A	C7_02300W_A	Non essential
C4_02000C_A	C4_02000C_A	Non essential
C1_12130C_A	C1_12130C_A	Non essential
CR_08870W_A	CR_08870W_A	Non essential
C5_05100C_A	C5_05100C_A	Non essential
C6_01690W_A	C6_01690W_A	Non essential
C6_01310W_A	C6_01310W_A	Non essential
C5_03990W_A	C5_03990W_A	Non essential
C2_03540W_A	C2_03540W_A	Non essential
C4_04800W_A	C4_04800W_A	Non essential
C1_07580C_A	C1_07580C_A	Non essential
C1_03680W_A	C1_03680W_A	Non essential
C2_10540W_A	C2_10540W_A	Non essential
C3_04580C_A	C3_04580C_A	Non essential
C5_04320C_A	C5_04320C_A	Non essential
CR_04800W_A	CR_04800W_A	Non essential
C1_10020W_A	C1_10020W_A	Non essential
C2_03490C_A	C2_03490C_A	Non essential
CR_06040W_A	CR_06040W_A	Non essential
C3_05000W_A	C3_05000W_A	Non essential
C2_06840W_A	C2_06840W_A	Non essential
C6_02290C_A	C6_02290C_A	Non essential
C7_03290C_A	C7_03290C_A	Non essential
C1_09100W_A	C1_09100W_A	Non essential
CR_03780C_A	CR_03780C_A	Non essential
C1_12230W_A	C1_12230W_A	Non essential
C2_09050C_A	C2_09050C_A	Non essential
C5_02430W_A	C5_02430W_A	Non essential
CR_09140C_A	CR_09140C_A	Non essential
C6_00980C_A	C6_00980C_A	Non essential
CR_07060C_A	CR_07060C_A	Non essential
C7_00080C_A	C7_00080C_A	Non essential
C1_07330W_A	C1_07330W_A	Non essential
CR_00370W_A	CR_00370W_A	Non essential
C2_03590C_A	C2_03590C_A	Non essential
C1_11200W_A	C1_11200W_A	Non essential
C1_01170C_A	C1_01170C_A	Non essential
C1_06160W_A	C1_06160W_A	Non essential
C5_01850C_A	C5_01850C_A	Non essential
C2_08650W_A	C2_08650W_A	Non essential
C5_02670W_A	C5_02670W_A	Non essential
C2_09570C_A	C2_09570C_A	Non essential
C1_07480C_A	C1_07480C_A	Non essential
C5_05430W_A	C5_05430W_A	Non essential
C3_03360W_A	C3_03360W_A	Non essential
C1_09900W_A	C1_09900W_A	Non essential
C7_03140W_A	C7_03140W_A	Non essential
C7_02840C_A	C7_02840C_A	Non essential
C1_05840W_A	C1_05840W_A	Non essential
C3_01550C_A	C3_01550C_A	Non essential
CR_07700W_A	CR_07700W_A	Non essential
C1_01270W_A	C1_01270W_A	Non essential
C2_08790W_A	C2_08790W_A	Non essential
C5_00940C_A	C5_00940C_A	Non essential
C1_02870W_A	C1_02870W_A	Non essential
C1_05670W_A	C1_05670W_A	Non essential
C1_01060W_A	C1_01060W_A	Non essential
C5_03680W_A	C5_03680W_A	Non essential
C2_03680W_A	C2_03680W_A	Non essential
C4_02210W_A	C4_02210W_A	Non essential
C2_08890W_A	C2_08890W_A	Non essential
C1_03990W_A	C1_03990W_A	Non essential
C7_03300C_A	C7_03300C_A	Non essential
CR_10070C_A	CR_10070C_A	Non essential
C3_04030C_A	C3_04030C_A	Non essential
C2_03290W_A	C2_03290W_A	Non essential
C1_11190W_A	C1_11190W_A	Non essential
C1_12740W_A	C1_12740W_A	Non essential
C4_03600C_A	C4_03600C_A	Non essential
CR_00610W_A	CR_00610W_A	Non essential
C2_10720C_A	C2_10720C_A	Non essential
C1_05160C_A	C1_05160C_A	Non essential
C1_04480C_A	C1_04480C_A	Non essential
C1_07030C_A	C1_07030C_A	Non essential
C2_09230C_A	C2_09230C_A	Non essential
CR_09200C_A	CR_09200C_A	Non essential
C2_05030C_A	C2_05030C_A	Non essential
C4_03470C_A	C4_03470C_A	Non essential
C4_02920W_A	C4_02920W_A	Non essential
C2_10080W_A	C2_10080W_A	Non essential
C6_02890C_A	C6_02890C_A	Non essential
C4_01390W_A	C4_01390W_A	Non essential
C1_02010C_A	C1_02010C_A	Non essential
C3_00580W_A	C3_00580W_A	Non essential
C7_02800W_A	C7_02800W_A	Non essential
C1_11340W_A	C1_11340W_A	Non essential
C4_00260W_A	C4_00260W_A	Non essential
C4_00530C_A	C4_00530C_A	Non essential
C6_01860C_A	C6_01860C_A	Non essential
C1_02720W_A	C1_02720W_A	Non essential
C2_10660W_A	C2_10660W_A	Non essential
C3_07470W_A	C3_07470W_A	Non essential
C4_00080C_A	C4_00080C_A	Non essential
C1_07680W_A	C1_07680W_A	Non essential
C3_00570C_A	C3_00570C_A	Non essential
C3_03710W_A	C3_03710W_A	Non essential
C2_07810W_A	C2_07810W_A	Non essential
C2_01890W_A	C2_01890W_A	Non essential
C1_03740W_A	C1_03740W_A	Non essential
CR_03050C_A	CR_03050C_A	Non essential
CR_09330C_A	CR_09330C_A	Non essential
C3_05470W_A	C3_05470W_A	Non essential
CR_02780W_A	CR_02780W_A	Non essential
CR_01520W_A	CR_01520W_A	Non essential
CR_05950C_A	CR_05950C_A	Non essential
C2_00170C_A	C2_00170C_A	Non essential
C1_10500W_A	C1_10500W_A	Non essential
C2_08920W_A	C2_08920W_A	Non essential
C2_00650W_A	C2_00650W_A	Non essential
C6_03610W_A	C6_03610W_A	Non essential
CR_06230W_A	CR_06230W_A	Non essential
C1_12650C_A	C1_12650C_A	Non essential
C6_01110W_A	C6_01110W_A	Non essential
C1_09600C_A	C1_09600C_A	Non essential
C3_07260C_A	C3_07260C_A	Non essential
C5_00810C_A	C5_00810C_A	Non essential
C1_13070C_A	C1_13070C_A	Non essential
C4_00350W_A	C4_00350W_A	Non essential
C5_03610W_A	C5_03610W_A	Non essential
C2_03760C_A	C2_03760C_A	Non essential
C1_13350W_A	C1_13350W_A	Non essential
C7_02040C_A	C7_02040C_A	Non essential
C1_00080C_A	C1_00080C_A	Non essential
C5_04120C_A	C5_04120C_A	Non essential
C5_03510C_A	C5_03510C_A	Non essential
C1_06780W_A	C1_06780W_A	Non essential
C5_01830C_A	C5_01830C_A	Non essential
C4_06020C_A	C4_06020C_A	Non essential
C2_08590W_A	C2_08590W_A	Non essential
C4_02970C_A	C4_02970C_A	Non essential
C1_09130W_A	C1_09130W_A	Non essential
CR_01030W_A	CR_01030W_A	Non essential
CR_06260W_A	CR_06260W_A	Non essential
C3_03500W_A	C3_03500W_A	Non essential
C3_04570C_A	C3_04570C_A	Non essential
CR_05380C_A	CR_05380C_A	Non essential
C2_03780C_A	C2_03780C_A	Non essential
C2_00140W_A	C2_00140W_A	Non essential
C3_04490W_A	C3_04490W_A	Non essential
C1_06610C_A	C1_06610C_A	Non essential
CR_09560C_A	CR_09560C_A	Non essential
C2_05840W_A	C2_05840W_A	Non essential
CR_08320W_A	CR_08320W_A	Non essential
C1_08460C_A	C1_08460C_A	Non essential
C2_06170C_A	C2_06170C_A	Non essential
C4_02490W_A	C4_02490W_A	Non essential
C7_01710W_A	C7_01710W_A	Non essential
C5_04510W_A	C5_04510W_A	Non essential
C4_02220C_A	C4_02220C_A	Non essential
C5_05030C_A	C5_05030C_A	Non essential
C4_00830W_A	C4_00830W_A	Non essential
CR_01340W_A	CR_01340W_A	Non essential
C6_01790C_A	C6_01790C_A	Non essential
C2_01450C_A	C2_01450C_A	Non essential
C3_00750W_A	C3_00750W_A	Non essential
C1_13640W_A	C1_13640W_A	Non essential
C5_04280C_A	C5_04280C_A	Non essential
C1_14170W_A	C1_14170W_A	Non essential
C1_08570C_A	C1_08570C_A	Non essential
CR_02800C_A	CR_02800C_A	Non essential
C2_04140W_A	C2_04140W_A	Non essential
C2_06020W_A	C2_06020W_A	Non essential
C2_00080C_A	C2_00080C_A	Non essential
C3_01900C_A	C3_01900C_A	Non essential
C3_07160W_A	C3_07160W_A	Non essential
C6_03090W_A	C6_03090W_A	Non essential
C1_05890W_A	C1_05890W_A	Non essential
C5_05080W_A	C5_05080W_A	Non essential
CR_02640W_A	CR_02640W_A	Non essential
C5_03690W_A	C5_03690W_A	Non essential
C3_05780C_A	C3_05780C_A	Non essential
CR_05750W_A	CR_05750W_A	Non essential
C2_01020W_A	C2_01020W_A	Non essential
C1_11140W_A	C1_11140W_A	Non essential
C1_09160W_A	C1_09160W_A	Non essential
C1_00670C_A	C1_00670C_A	Non essential
CR_07440W_A	CR_07440W_A	Non essential
C1_08800W_A	C1_08800W_A	Non essential
C1_13440C_A	C1_13440C_A	Non essential
C1_09800C_A	C1_09800C_A	Non essential
C1_06820W_A	C1_06820W_A	Non essential
C5_05220W_A	C5_05220W_A	Non essential
C2_10230W_A	C2_10230W_A	Non essential
CR_08070W_A	CR_08070W_A	Non essential
CR_07090W_A	CR_07090W_A	Non essential
C4_06970C_A	C4_06970C_A	Non essential
C6_02740W_A	C6_02740W_A	Non essential
C1_05140W_A	C1_05140W_A	Non essential
C1_12070C_A	C1_12070C_A	Non essential
CR_06760C_A	CR_06760C_A	Non essential
C6_02010C_A	C6_02010C_A	Non essential
C6_03920W_A	C6_03920W_A	Non essential
CR_09700W_A	CR_09700W_A	Non essential
C3_02120W_A	C3_02120W_A	Non essential
C1_11020W_A	C1_11020W_A	Non essential
C4_04470W_A	C4_04470W_A	Non essential
C3_01580W_A	C3_01580W_A	Non essential
C2_02440W_A	C2_02440W_A	Non essential
C6_03060W_A	C6_03060W_A	Non essential
C2_10310C_A	C2_10310C_A	Non essential
C6_00100C_A	C6_00100C_A	Non essential
C7_02130W_A	C7_02130W_A	Non essential
CR_10340W_A	CR_10340W_A	Non essential
C7_00840C_A	C7_00840C_A	Non essential
C5_02840C_A	C5_02840C_A	Non essential
C1_07370C_A	C1_07370C_A	Non essential
C1_03770W_A	C1_03770W_A	Non essential
C1_10990C_A	C1_10990C_A	Non essential
C4_03510C_A	C4_03510C_A	Non essential
C3_02510C_A	C3_02510C_A	Non essential
CR_01280C_A	CR_01280C_A	Non essential
C5_02570W_A	C5_02570W_A	Non essential
CR_05210W_A	CR_05210W_A	Non essential
CR_09780C_A	CR_09780C_A	Non essential
C1_04080W_A	C1_04080W_A	Non essential
C4_05970W_A	C4_05970W_A	Non essential
C4_06340W_A	C4_06340W_A	Non essential
C4_02010C_A	C4_02010C_A	Non essential
C1_07640C_A	C1_07640C_A	Non essential
C4_00850C_A	C4_00850C_A	Non essential
C1_07020C_A	C1_07020C_A	Non essential
C3_05700W_A	C3_05700W_A	Non essential
C2_09700W_A	C2_09700W_A	Non essential
C6_02710C_A	C6_02710C_A	Non essential
C3_03080W_A	C3_03080W_A	Non essential
CR_06240C_A	CR_06240C_A	Non essential
C2_04050C_A	C2_04050C_A	Non essential
C5_01400W_A	C5_01400W_A	Non essential
C1_12170C_A	C1_12170C_A	Non essential
C2_02520W_A	C2_02520W_A	Non essential
C4_01120C_A	C4_01120C_A	Non essential
C3_01810C_A	C3_01810C_A	Non essential
C5_03470C_A	C5_03470C_A	Non essential
C1_04870W_A	C1_04870W_A	Non essential
CR_04290W_A	CR_04290W_A	Non essential
C6_01650C_A	C6_01650C_A	Non essential
C3_05930W_A	C3_05930W_A	Non essential
C3_04310C_A	C3_04310C_A	Non essential
C7_01910C_A	C7_01910C_A	Non essential
CR_08510W_A	CR_08510W_A	Non essential
C3_05900W_A	C3_05900W_A	Non essential
CR_09350C_A	CR_09350C_A	Non essential
C3_06990W_A	C3_06990W_A	Non essential
C2_06140C_A	C2_06140C_A	Non essential
C7_03610C_A	C7_03610C_A	Non essential
C2_01780W_A	C2_01780W_A	Non essential
CR_09340W_A	CR_09340W_A	Non essential
C6_03600C_A	C6_03600C_A	Non essential
C1_01010W_A	C1_01010W_A	Non essential
C1_14200W_A	C1_14200W_A	Non essential
C6_01680C_A	C6_01680C_A	Non essential
C4_01090C_A	C4_01090C_A	Non essential
C7_01510W_A	C7_01510W_A	Non essential
C4_01460C_A	C4_01460C_A	Non essential
C4_01290W_A	C4_01290W_A	Non essential
C4_05890W_A	C4_05890W_A	Non essential
C1_10540C_A	C1_10540C_A	Non essential
C7_03340C_A	C7_03340C_A	Non essential
C1_01200W_A	C1_01200W_A	Non essential
C6_00480C_A	C6_00480C_A	Non essential
CR_07810W_A	CR_07810W_A	Non essential
C7_00970C_A	C7_00970C_A	Non essential
C3_02220W_A	C3_02220W_A	Non essential
C6_03840C_A	C6_03840C_A	Non essential
CR_02930W_A	CR_02930W_A	Non essential
C6_03490C_A	C6_03490C_A	Non essential
C3_03680W_A	C3_03680W_A	Non essential
C2_03140C_A	C2_03140C_A	Non essential
C1_09140C_A	C1_09140C_A	Non essential
C1_04630C_A	C1_04630C_A	Non essential
C4_06820C_A	C4_06820C_A	Non essential
C1_09240C_A	C1_09240C_A	Non essential
C2_08990C_A	C2_08990C_A	Non essential
C4_00600C_A	C4_00600C_A	Non essential
CR_04390C_A	CR_04390C_A	Non essential
C3_01180C_A	C3_01180C_A	Non essential
C2_02250C_A	C2_02250C_A	Non essential
C1_12290C_A	C1_12290C_A	Non essential
C1_07870C_A	C1_07870C_A	Non essential
CR_07250C_A	CR_07250C_A	Non essential
C3_04020C_A	C3_04020C_A	Non essential
C3_05550C_A	C3_05550C_A	Non essential
CR_02560C_A	CR_02560C_A	Non essential
C5_02180C_A	C5_02180C_A	Non essential
C1_09920W_A	C1_09920W_A	Non essential
C1_10340W_A	C1_10340W_A	Non essential
C5_04940W_A	C5_04940W_A	Non essential
CR_00260W_A	CR_00260W_A	Non essential
C1_08860C_A	C1_08860C_A	Non essential
C5_00670C_A	C5_00670C_A	Non essential
C4_02540W_A	C4_02540W_A	Non essential
CR_00300W_A	CR_00300W_A	Non essential
C5_01810W_A	C5_01810W_A	Non essential
C5_04830W_A	C5_04830W_A	Non essential
C4_06980W_A	C4_06980W_A	Non essential
C2_04260W_A	C2_04260W_A	Non essential
C3_06470W_A	C3_06470W_A	Non essential
C1_02100W_A	C1_02100W_A	Non essential
CR_02430C_A	CR_02430C_A	Non essential
C5_02940C_A	C5_02940C_A	Non essential
C7_02880C_A	C7_02880C_A	Non essential
C3_02240C_A	C3_02240C_A	Non essential
C2_04540C_A	C2_04540C_A	Non essential
C1_05620C_A	C1_05620C_A	Non essential
C3_03290C_A	C3_03290C_A	Non essential
CR_08920W_A	CR_08920W_A	Non essential
C7_03860W_A	C7_03860W_A	Non essential
C2_02010C_A	C2_02010C_A	Non essential
C4_05920C_A	C4_05920C_A	Non essential
C4_00540C_A	C4_00540C_A	Non essential
C6_00280W_A	C6_00280W_A	Non essential
C5_01740C_A	C5_01740C_A	Non essential
CR_07790C_A	CR_07790C_A	Non essential
C5_05390C_A	C5_05390C_A	Non essential
C2_06220C_A	C2_06220C_A	Non essential
CR_09070C_A	CR_09070C_A	Non essential
C6_00130C_A	C6_00130C_A	Non essential
CR_02330C_A	CR_02330C_A	Non essential
C1_04000C_A	C1_04000C_A	Non essential
C2_01380W_A	C2_01380W_A	Non essential
C4_00680W_A	C4_00680W_A	Non essential
CR_05510W_A	CR_05510W_A	Non essential
CR_04730W_A	CR_04730W_A	Non essential
C2_08620W_A	C2_08620W_A	Non essential
C1_05750C_A	C1_05750C_A	Non essential
C2_07250C_A	C2_07250C_A	Non essential
C6_00260W_A	C6_00260W_A	Non essential
C1_03200C_A	C1_03200C_A	Non essential
C3_07020W_A	C3_07020W_A	Non essential
C3_05920W_A	C3_05920W_A	Non essential
C1_00550W_A	C1_00550W_A	Non essential
C5_01910W_A	C5_01910W_A	Non essential
C7_00100W_A	C7_00100W_A	Non essential
C2_09770C_A	C2_09770C_A	Non essential
C7_03220C_A	C7_03220C_A	Non essential
C4_07010C_A	C4_07010C_A	Non essential
C6_01820C_A	C6_01820C_A	Non essential
C7_00510W_A	C7_00510W_A	Non essential
C1_08700W_A	C1_08700W_A	Non essential
C1_09790C_A	C1_09790C_A	Non essential
C6_00940C_A	C6_00940C_A	Non essential
CR_00170W_A	CR_00170W_A	Non essential
C3_01410C_A	C3_01410C_A	Non essential
C2_04730W_A	C2_04730W_A	Non essential
C4_05580C_A	C4_05580C_A	Non essential
C1_03320C_A	C1_03320C_A	Non essential
C3_02760C_A	C3_02760C_A	Non essential
C3_04770C_A	C3_04770C_A	Non essential
C3_02870C_A	C3_02870C_A	Non essential
C1_09080C_A	C1_09080C_A	Non essential
C4_06480C_A	C4_06480C_A	Non essential
C3_07200C_A	C3_07200C_A	Non essential
C2_01870C_A	C2_01870C_A	Non essential
C2_03320W_A	C2_03320W_A	Non essential
C1_10000C_A	C1_10000C_A	Non essential
C1_04930C_A	C1_04930C_A	Non essential
C2_03220C_A	C2_03220C_A	Non essential
C1_09430W_A	C1_09430W_A	Non essential
CR_06670W_A	CR_06670W_A	Non essential
C4_06890W_A	C4_06890W_A	Non essential
C4_00190W_A	C4_00190W_A	Non essential
CR_05390W_A	CR_05390W_A	Non essential
C6_04050W_A	C6_04050W_A	Non essential
C2_01880C_A	C2_01880C_A	Non essential
C5_02400W_A	C5_02400W_A	Non essential
CR_03820C_A	CR_03820C_A	Non essential
CR_03800C_A	CR_03800C_A	Non essential
CR_10790W_A	CR_10790W_A	Non essential
C1_04900W_A	C1_04900W_A	Non essential
C2_00120C_A	C2_00120C_A	Non essential
C1_09200W_A	C1_09200W_A	Non essential
C1_02360C_A	C1_02360C_A	Non essential
C1_04150C_A	C1_04150C_A	Non essential
C3_06090C_A	C3_06090C_A	Non essential
C3_03880C_A	C3_03880C_A	Non essential
CR_09470W_A	CR_09470W_A	Non essential
C6_00470C_A	C6_00470C_A	Non essential
C4_02180C_A	C4_02180C_A	Non essential
C3_05050W_A	C3_05050W_A	Non essential
C6_04340W_A	C6_04340W_A	Non essential
C2_10260C_A	C2_10260C_A	Non essential
C2_05640W_A	C2_05640W_A	Non essential
C3_04790W_A	C3_04790W_A	Non essential
C3_07610W_A	C3_07610W_A	Non essential
C6_02140W_A	C6_02140W_A	Non essential
C1_04140W_A	C1_04140W_A	Non essential
C2_04410W_A	C2_04410W_A	Non essential
C1_09680W_A	C1_09680W_A	Non essential
C6_04590C_A	C6_04590C_A	Non essential
C1_12530C_A	C1_12530C_A	Non essential
C1_11490C_A	C1_11490C_A	Non essential
C4_02240C_A	C4_02240C_A	Non essential
C1_11430W_A	C1_11430W_A	Non essential
C3_06070C_A	C3_06070C_A	Non essential
C4_02560C_A	C4_02560C_A	Non essential
C6_01770W_A	C6_01770W_A	Non essential
C1_05320C_A	C1_05320C_A	Non essential
C3_06150W_A	C3_06150W_A	Non essential
C4_02960W_A	C4_02960W_A	Non essential
C4_02500C_A	C4_02500C_A	Non essential
C3_07860C_A	C3_07860C_A	Non essential
C1_13880C_A	C1_13880C_A	Non essential
C4_01320C_A	C4_01320C_A	Non essential
C4_01890C_A	C4_01890C_A	Non essential
C1_13620W_A	C1_13620W_A	Non essential
C1_13450W_A	C1_13450W_A	Non essential
C3_00600W_A	C3_00600W_A	Non essential
C3_06000W_A	C3_06000W_A	Non essential
CR_08860W_A	CR_08860W_A	Non essential
C5_04800W_A	C5_04800W_A	Non essential
CR_06310W_A	CR_06310W_A	Non essential
C1_14140C_A	C1_14140C_A	Non essential
C4_01260W_A	C4_01260W_A	Non essential
C4_04420W_A	C4_04420W_A	Non essential
C6_01500C_A	C6_01500C_A	Non essential
C1_09090C_A	C1_09090C_A	Non essential
CR_07590W_A	CR_07590W_A	Non essential
C6_01300W_A	C6_01300W_A	Non essential
C6_01870C_A	C6_01870C_A	Non essential
C3_07500W_A	C3_07500W_A	Non essential
C5_01450W_A	C5_01450W_A	Non essential
C2_08970C_A	C2_08970C_A	Non essential
C7_00340C_A	C7_00340C_A	Non essential
C1_06010W_A	C1_06010W_A	Non essential
C7_00910C_A	C7_00910C_A	Non essential
C1_02080W_A	C1_02080W_A	Non essential
CR_05130C_A	CR_05130C_A	Non essential
CR_02510W_A	CR_02510W_A	Non essential
C5_01840C_A	C5_01840C_A	Non essential
C3_05170W_A	C3_05170W_A	Non essential
C5_04410C_A	C5_04410C_A	Non essential
C4_06920C_A	C4_06920C_A	Non essential
C1_01420C_A	C1_01420C_A	Non essential
C1_14340C_A	C1_14340C_A	Non essential
C3_00210C_A	C3_00210C_A	Non essential
C4_05050C_A	C4_05050C_A	Non essential
C4_04880W_A	C4_04880W_A	Non essential
C5_05210W_A	C5_05210W_A	Non essential
CR_09090C_A	CR_09090C_A	Non essential
C2_01620W_A	C2_01620W_A	Non essential
