"Standard name","Label"
"S000001608","Essential"
"S000001353","Essential"
"S000001284","Essential"
"S000001283","Essential"
"S000003280","Essential"
"S000006014","Essential"
"S000000914","Essential"
"S000002552","Essential"
"S000001288","Essential"
"S000003605","Essential"
"S000000180","Essential"
"S000002739","Essential"
"S000002736","Essential"
"S000003608","Essential"
"S000002895","Essential"
"S000004881","Essential"
"S000006259","Essential"
"S000004401","Essential"
"S000001340","Essential"
"S000001345","Essential"
"S000005133","Essential"
"S000003730","Essential"
"S000003292","Essential"
"S000005820","Essential"
"S000003617","Essential"
"S000000406","Essential"
"S000000402","Essential"
"S000000400","Essential"
"S000003478","Essential"
"S000003510","Essential"
"S000003041","Essential"
"S000001655","Essential"
"S000001656","Essential"
"S000005318","Essential"
"S000000193","Essential"
"S000005583","Essential"
"S000000605","Essential"
"S000004873","Essential"
"S000004477","Essential"
"S000004470","Essential"
"S000001627","Essential"
"S000003853","Essential"
"S000001628","Essential"
"S000005005","Essential"
"S000005122","Essential"
"S000005126","Essential"
"S000005125","Essential"
"S000006341","Essential"
"S000006347","Essential"
"S000006348","Essential"
"S000005837","Essential"
"S000005770","Essential"
"S000004596","Essential"
"S000003407","Essential"
"S000003404","Essential"
"S000005775","Essential"
"S000003088","Essential"
"S000003084","Essential"
"S000000215","Essential"
"S000000564","Essential"
"S000000032","Essential"
"S000000030","Essential"
"S000000031","Essential"
"S000000036","Essential"
"S000006379","Essential"
"S000006373","Essential"
"S000005337","Essential"
"S000001324","Essential"
"S000001323","Essential"
"S000002300","Essential"
"S000005151","Essential"
"S000002651","Essential"
"S000005804","Essential"
"S000003679","Essential"
"S000002420","Essential"
"S000002784","Essential"
"S000003096","Essential"
"S000005506","Essential"
"S000000208","Essential"
"S000006132","Essential"
"S000006158","Essential"
"S000000689","Essential"
"S000006156","Essential"
"S000006154","Essential"
"S000006152","Essential"
"S000002837","Essential"
"S000005720","Essential"
"S000003098","Essential"
"S000000023","Essential"
"S000004852","Essential"
"S000004853","Essential"
"S000004328","Essential"
"S000005321","Essential"
"S000001313","Essential"
"S000006309","Essential"
"S000001794","Essential"
"S000006365","Essential"
"S000006366","Essential"
"S000004513","Essential"
"S000003640","Essential"
"S000003645","Essential"
"S000003647","Essential"
"S000006149","Essential"
"S000003774","Essential"
"S000005629","Essential"
"S000002604","Essential"
"S000000233","Essential"
"S000002325","Essential"
"S000002897","Essential"
"S000001406","Essential"
"S000004849","Essential"
"S000004848","Essential"
"S000004842","Essential"
"S000004840","Essential"
"S000004332","Essential"
"S000004339","Essential"
"S000001308","Essential"
"S000005798","Essential"
"S000001787","Essential"
"S000001789","Essential"
"S000002868","Essential"
"S000003169","Essential"
"S000002654","Essential"
"S000001877","Essential"
"S000001870","Essential"
"S000001872","Essential"
"S000004061","Essential"
"S000000003","Essential"
"S000000001","Essential"
"S000002881","Essential"
"S000002880","Essential"
"S000002886","Essential"
"S000004833","Essential"
"S000001164","Essential"
"S000004308","Essential"
"S000005787","Essential"
"S000005786","Essential"
"S000005783","Essential"
"S000005788","Essential"
"S000005300","Essential"
"S000006307","Essential"
"S000001849","Essential"
"S000001518","Essential"
"S000002644","Essential"
"S000001511","Essential"
"S000001516","Essential"
"S000005165","Essential"
"S000003572","Essential"
"S000000259","Essential"
"S000004665","Essential"
"S000006245","Essential"
"S000000072","Essential"
"S000002588","Essential"
"S000004826","Essential"
"S000004821","Essential"
"S000004313","Essential"
"S000004315","Essential"
"S000001676","Essential"
"S000004176","Essential"
"S000001679","Essential"
"S000003570","Essential"
"S000005370","Essential"
"S000003234","Essential"
"S000003237","Essential"
"S000001859","Essential"
"S000005621","Essential"
"S000001502","Essential"
"S000001504","Essential"
"S000001507","Essential"
"S000005195","Essential"
"S000003571","Essential"
"S000003509","Essential"
"S000005997","Essential"
"S000004165","Essential"
"S000004947","Essential"
"S000000065","Essential"
"S000003577","Essential"
"S000004810","Essential"
"S000001127","Essential"
"S000004106","Essential"
"S000004107","Essential"
"S000004105","Essential"
"S000004582","Essential"
"S000004542","Essential"
"S000005019","Essential"
"S000005365","Essential"
"S000003477","Essential"
"S000003202","Essential"
"S000001532","Essential"
"S000002616","Essential"
"S000005184","Essential"
"S000005188","Essential"
"S000005984","Essential"
"S000002596","Essential"
"S000004095","Essential"
"S000002986","Essential"
"S000002469","Essential"
"S000000728","Essential"
"S000002467","Essential"
"S000004370","Essential"
"S000004117","Essential"
"S000004119","Essential"
"S000002643","Essential"
"S000002471","Essential"
"S000002646","Essential"
"S000002213","Essential"
"S000004599","Essential"
"S000004595","Essential"
"S000003216","Essential"
"S000003214","Essential"
"S000005642","Essential"
"S000005643","Essential"
"S000005645","Essential"
"S000001528","Essential"
"S000001561","Essential"
"S000002299","Essential"
"S000002290","Essential"
"S000006049","Essential"
"S000006047","Essential"
"S000000264","Essential"
"S000002824","Essential"
"S000002990","Essential"
"S000001233","Essential"
"S000002173","Essential"
"S000002732","Essential"
"S000001733","Essential"
"S000002444","Essential"
"S000005430","Essential"
"S000005437","Essential"
"S000001889","Essential"
"S000003833","Essential"
"S000001229","Essential"
"S000006290","Essential"
"S000002284","Essential"
"S000001281","Essential"
"S000002218","Essential"
"S000006072","Essential"
"S000002366","Essential"
"S000002367","Essential"
"S000005889","Essential"
"S000003485","Essential"
"S000007256","Essential"
"S000000928","Essential"
"S000000929","Essential"
"S000005490","Essential"
"S000007651","Essential"
"S000003633","Essential"
"S000004284","Essential"
"S000004282","Essential"
"S000004289","Essential"
"S000006286","Essential"
"S000000066","Essential"
"S000001069","Essential"
"S000002733","Essential"
"S000004754","Essential"
"S000001066","Essential"
"S000005880","Essential"
"S000001899","Essential"
"S000005669","Essential"
"S000001541","Essential"
"S000001543","Essential"
"S000001542","Essential"
"S000001062","Essential"
"S000002574","Essential"
"S000006289","Essential"
"S000001948","Essential"
"S000001946","Essential"
"S000003762","Essential"
"S000003767","Essential"
"S000004509","Essential"
"S000002323","Essential"
"S000004050","Essential"
"S000002571","Essential"
"S000003499","Essential"
"S000002459","Essential"
"S000000041","Essential"
"S000001007","Essential"
"S000000938","Essential"
"S000003623","Essential"
"S000007455","Essential"
"S000001116","Essential"
"S000003626","Essential"
"S000001114","Essential"
"S000001110","Essential"
"S000002302","Essential"
"S000003627","Essential"
"S000006130","Essential"
"S000003548","Essential"
"S000001716","Essential"
"S000001710","Essential"
"S000001337","Essential"
"S000001391","Essential"
"S000005675","Essential"
"S000004451","Essential"
"S000004153","Essential"
"S000003496","Essential"
"S000003710","Essential"
"S000003023","Essential"
"S000004594","Essential"
"S000003256","Essential"
"S000000896","Essential"
"S000003506","Essential"
"S000006239","Essential"
"S000000948","Essential"
"S000002812","Essential"
"S000005900","Essential"
"S000001231","Essential"
"S000000364","Essential"
"S000004738","Essential"
"S000004735","Essential"
"S000005068","Essential"
"S000001191","Essential"
"S000005462","Essential"
"S000001388","Essential"
"S000005603","Essential"
"S000005601","Essential"
"S000006260","Essential"
"S000005286","Essential"
"S000003065","Essential"
"S000003033","Essential"
"S000003261","Essential"
"S000001672","Essential"
"S000000884","Essential"
"S000001678","Essential"
"S000000950","Essential"
"S000002802","Essential"
"S000002805","Essential"
"S000002806","Essential"
"S000006386","Essential"
"S000001330","Essential"
"S000004558","Essential"
"S000005070","Essential"
"S000005572","Essential"
"S000001591","Essential"
"S000005758","Essential"
"S000005207","Essential"
"S000005299","Essential"
"S000005294","Essential"
"S000003739","Essential"
"S000006038","Essential"
"S000003193","Essential"
"S000000961","Essential"
"S000000745","Essential"
"S000002245","Essential"
"S000000346","Essential"
"S000000347","Essential"
"S000006314","Essential"
"S000006317","Essential"
"S000006316","Essential"
"S000006311","Essential"
"S000006312","Essential"
"S000002636","Essential"
"S000004249","Essential"
"S000003080","Essential"
"S000005046","Essential"
"S000001857","Essential"
"S000001856","Essential"
"S000001855","Essential"
"S000004389","Essential"
"S000003873","Essential"
"S000001582","Essential"
"S000001587","Essential"
"S000001404","Essential"
"S000001901","Essential"
"S000001900","Essential"
"S000005736","Essential"
"S000003059","Essential"
"S000003766","Essential"
"S000002376","Essential"
"S000002368","Essential"
"S000003123","Essential"
"S000000974","Essential"
"S000000973","Essential"
"S000000970","Essential"
"S000000758","Essential"
"S000000752","Essential"
"S000000357","Essential"
"S000000359","Essential"
"S000000358","Essential"
"S000005191","Essential"
"S000002255","Essential"
"S000005582","Essential"
"S000004056","Essential"
"S000005457","Essential"
"S000005454","Essential"
"S000004186","Essential"
"S000004187","Essential"
"S000004185","Essential"
"S000004984","Essential"
"S000004983","Essential"
"S000001898","Essential"
"S000005057","Essential"
"S000005054","Essential"
"S000006237","Essential"
"S000001938","Essential"
"S000001933","Essential"
"S000003060","Essential"
"S000003061","Essential"
"S000005677","Essential"
"S000005674","Essential"
"S000002430","Essential"
"S000001505","Essential"
"S000005381","Essential"
"S000002175","Essential"
"S000003530","Essential"
"S000003315","Essential"
"S000003849","Essential"
"S000002857","Essential"
"S000002590","Essential"
"S000002498","Essential"
"S000002597","Essential"
"S000001894","Essential"
"S000000325","Essential"
"S000002579","Essential"
"S000005257","Essential"
"S000004262","Essential"
"S000004267","Essential"
"S000004266","Essential"
"S000004265","Essential"
"S000004264","Essential"
"S000001776","Essential"
"S000004041","Essential"
"S000004198","Essential"
"S000002598","Essential"
"S000005495","Essential"
"S000006229","Essential"
"S000005931","Essential"
"S000005933","Essential"
"S000001927","Essential"
"S000001923","Essential"
"S000004068","Essential"
"S000002266","Essential"
"S000002242","Essential"
"S000000805","Essential"
"S000005499","Essential"
"S000004156","Essential"
"S000003547","Essential"
"S000003902","Essential"
"S000003307","Essential"
"S000003306","Essential"
"S000003545","Essential"
"S000005216","Essential"
"S000002845","Essential"
"S000001104","Essential"
"S000001107","Essential"
"S000006015","Essential"
"S000002452","Essential"
"S000004219","Essential"
"S000004212","Essential"
"S000003538","Essential"
"S000001240","Essential"
"S000004529","Essential"
"S000005483","Essential"
"S000006380","Essential"
"S000001487","Essential"
"S000005032","Essential"
"S000006214","Essential"
"S000001265","Essential"
"S000001266","Essential"
"S000003829","Essential"
"S000002688","Essential"
"S000002307","Essential"
"S000002304","Essential"
"S000003825","Essential"
"S000003443","Essential"
"S000003335","Essential"
"S000003331","Essential"
"S000000781","Essential"
"S000002749","Essential"
"S000004205","Essential"
"S000004202","Essential"
"S000001061","Essential"
"S000003551","Essential"
"S000001496","Essential"
"S000001495","Essential"
"S000003818","Essential"
"S000004530","Essential"
"S000005776","Essential"
"S000003074","Essential"
"S000000548","Essential"
"S000003079","Essential"
"S000003568","Essential"
"S000002675","Essential"
"S000000823","Essential"
"S000000825","Essential"
"S000000824","Essential"
"S000003323","Essential"
"S000003322","Essential"
"S000003327","Essential"
"S000003326","Essential"
"S000003175","Essential"
"S000002862","Essential"
"S000000314","Essential"
"S000000313","Essential"
"S000004233","Essential"
"S000004239","Essential"
"S000003563","Essential"
"S000003973","Essential"
"S000001049","Essential"
"S000003562","Essential"
"S000004901","Essential"
"S000002815","Essential"
"S000003417","Essential"
"S000006173","Essential"
"S000003418","Essential"
"S000005546","Essential"
"S000004016","Essential"
"S000005949","Essential"
"S000001207","Essential"
"S000001208","Essential"
"S000001209","Essential"
"S000003927","Essential"
"S000001686","Essential"
"S000006096","Essential"
"S000000814","Essential"
"S000000815","Essential"
"S000000811","Essential"
"S000003351","Essential"
"S000003802","Essential"
"S000002409","Essential"
"S000003803","Essential"
"S000003806","Essential"
"S000001111","Essential"
"S000003207","Essential"
"S000003091","Essential"
"S000006187","Essential"
"S000002620","Essential"
"S000004931","Essential"
"S000003576","Essential"
"S000005574","Essential"
"S000004557","Essential"
"S000005205","Essential"
"S000005750","Essential"
"S000001215","Essential"
"S000001213","Essential"
"S000001212","Essential"
"S000005686","Essential"
"S000005685","Essential"
"S000005683","Essential"
"S000005189","Essential"
"S000001693","Essential"
"S000002747","Essential"
"S000002312","Essential"
"S000006081","Essential"
"S000006434","Essential"
"S000004507","Essential"
"S000000668","Essential"
"S000006387","Essential"
"S000003539","Essential"
"S000000119","Essential"
"S000000116","Essential"
"S000001447","Essential"
"S000004564","Essential"
"S000005743","Essential"
"S000004615","Essential"
"S000005694","Essential"
"S000001461","Essential"
"S000003110","Essential"
"S000003377","Essential"
"S000005326","Essential"
"S000003015","Essential"
"S000005200","Essential"
"S000002619","Essential"
"S000000292","Essential"
"S000000291","Essential"
"S000000295","Essential"
"S000005206","Essential"
"S000002309","Essential"
"S000000122","Essential"
"S000002969","Essential"
"S000002965","Essential"
"S000004971","Essential"
"S000001454","Essential"
"S000001185","Essential"
"S000005732","Essential"
"S000005733","Essential"
"S000005730","Essential"
"S000004603","Essential"
"S000004607","Essential"
"S000002189","Essential"
"S000003105","Essential"
"S000003703","Essential"
"S000000460","Essential"
"S000000469","Essential"
"S000002260","Essential"
"S000005256","Essential"
"S000006004","Essential"
"S000005493","Essential"
"S000006003","Essential"
"S000002575","Essential"
"S000000283","Essential"
"S000000284","Essential"
"S000002263","Essential"
"S000006391","Essential"
"S000006390","Essential"
"S000000131","Essential"
"S000000130","Essential"
"S000000137","Essential"
"S000002979","Essential"
"S000002976","Essential"
"S000004903","Essential"
"S000003958","Essential"
"S000003959","Essential"
"S000005509","Essential"
"S000003954","Essential"
"S000003957","Essential"
"S000004630","Essential"
"S000005231","Essential"
"S000005234","Essential"
"S000002773","Essential"
"S000002770","Essential"
"S000002775","Essential"
"S000006139","Essential"
"S000003931","Essential"
"S000006138","Essential"
"S000003934","Essential"
"S000003390","Essential"
"S000003450","Essential"
"S000002201","Essential"
"S000000456","Essential"
"S000000451","Essential"
"S000000458","Essential"
"S000000631","Essential"
"S000000146","Essential"
"S000004911","Essential"
"S000005530","Essential"
"S000000559","Essential"
"S000002161","Essential"
"S000002165","Essential"
"S000028698","Essential"
"S000003241","Essential"
"S000002707","Essential"
"S000002709","Essential"
"S000001451","Essential"
"S000005868","Essential"
"S000005862","Essential"
"S000005867","Essential"
"S000000441","Essential"
"S000000440","Essential"
"S000000447","Essential"
"S000001130","Essential"
"S000003427","Essential"
"S000001405","Essential"
"S000004652","Essential"
"S000004650","Essential"
"S000001371","Essential"
"S000001377","Essential"
"S000005702","Essential"
"S000002710","Essential"
"S000002719","Essential"
"S000005897","Essential"
"S000006385","Essential"
"S000006382","Essential"
"S000005813","Essential"
"S000000438","Essential"
"S000003330","Essential"
"S000002188","Essential"
"S000005964","Essential"
"S000004090","Essential"
"S000001368","Essential"
"S000002493","Essential"
"S000001366","Essential"
"S000003992","Essential"
"S000005261","Essential"
"S000003140","Essential"
"S000005116","Essential"
"S000002451","Essential"
"S000006394","Essential"
"S000005846","Essential"
"S000004078","Essential"
"S000004926","Essential"
"S000000397","Essential"
"S000000396","Essential"
"S000004076","Essential"
"S000001770","Essential"
"S000001771","Essential"
"S000003586","Essential"
"S000005888","Essential"
"S000000172","Essential"
"S000002939","Essential"
"S000004416","Essential"
"S000000653","Essential"
"S000000650","Essential"
"S000004093","Essential"
"S000004096","Essential"
"S000003998","Essential"
"S000003999","Essential"
"S000001412","Essential"
"S000002269","Essential"
"S000004816","Essential"
"S000004890","Essential"
"S000004894","Essential"
"S000002159","Non essential"
"S000002156","Non essential"
"S000001603","Non essential"
"S000001600","Non essential"
"S000001607","Non essential"
"S000001609","Non essential"
"S000001350","Non essential"
"S000001352","Non essential"
"S000005273","Non essential"
"S000005270","Non essential"
"S000001282","Non essential"
"S000003607","Non essential"
"S000002487","Non essential"
"S000001358","Non essential"
"S000001359","Non essential"
"S000002482","Non essential"
"S000003289","Non essential"
"S000003286","Non essential"
"S000003287","Non essential"
"S000005857","Non essential"
"S000000411","Non essential"
"S000000416","Non essential"
"S000000417","Non essential"
"S000000418","Non essential"
"S000000419","Non essential"
"S000001155","Non essential"
"S000006104","Non essential"
"S000006105","Non essential"
"S000006100","Non essential"
"S000006102","Non essential"
"S000006017","Non essential"
"S000000266","Non essential"
"S000000913","Non essential"
"S000000912","Non essential"
"S000000263","Non essential"
"S000004678","Non essential"
"S000002555","Non essential"
"S000006336","Non essential"
"S000000981","Non essential"
"S000000984","Non essential"
"S000000985","Non essential"
"S000004673","Non essential"
"S000004674","Non essential"
"S000004675","Non essential"
"S000004677","Non essential"
"S000000017","Non essential"
"S000000187","Non essential"
"S000000184","Non essential"
"S000000189","Non essential"
"S000002908","Non essential"
"S000002900","Non essential"
"S000002738","Non essential"
"S000002734","Non essential"
"S000003609","Non essential"
"S000004087","Non essential"
"S000006255","Non essential"
"S000002894","Non essential"
"S000004889","Non essential"
"S000004886","Non essential"
"S000004885","Non essential"
"S000004882","Non essential"
"S000005295","Non essential"
"S000004409","Non essential"
"S000004402","Non essential"
"S000004406","Non essential"
"S000003857","Non essential"
"S000001618","Non essential"
"S000003121","Non essential"
"S000004669","Non essential"
"S000001296","Non essential"
"S000001292","Non essential"
"S000005136","Non essential"
"S000028521","Non essential"
"S000004498","Non essential"
"S000003299","Non essential"
"S000003295","Non essential"
"S000003294","Non essential"
"S000003291","Non essential"
"S000001839","Non essential"
"S000003619","Non essential"
"S000003618","Non essential"
"S000003616","Non essential"
"S000000403","Non essential"
"S000000408","Non essential"
"S000006112","Non essential"
"S000006117","Non essential"
"S000006116","Non essential"
"S000006115","Non essential"
"S000006114","Non essential"
"S000004447","Non essential"
"S000003045","Non essential"
"S000004337","Non essential"
"S000000597","Non essential"
"S000003851","Non essential"
"S000001128","Non essential"
"S000005314","Non essential"
"S000004158","Non essential"
"S000002476","Non essential"
"S000000995","Non essential"
"S000000994","Non essential"
"S000001658","Non essential"
"S000005312","Non essential"
"S000005313","Non essential"
"S000006321","Non essential"
"S000001657","Non essential"
"S000000191","Non essential"
"S000000195","Non essential"
"S000000198","Non essential"
"S000002915","Non essential"
"S000002914","Non essential"
"S000002913","Non essential"
"S000001692","Non essential"
"S000001477","Non essential"
"S000004872","Non essential"
"S000004874","Non essential"
"S000004875","Non essential"
"S000004879","Non essential"
"S000004478","Non essential"
"S000004476","Non essential"
"S000001626","Non essential"
"S000001623","Non essential"
"S000005001","Non essential"
"S000004696","Non essential"
"S000004694","Non essential"
"S000004695","Non essential"
"S000004698","Non essential"
"S000005127","Non essential"
"S000002209","Non essential"
"S000005007","Non essential"
"S000004533","Non essential"
"S000004532","Non essential"
"S000005559","Non essential"
"S000003925","Non essential"
"S000000282","Non essential"
"S000006342","Non essential"
"S000006343","Non essential"
"S000006345","Non essential"
"S000003466","Non essential"
"S000005834","Non essential"
"S000001801","Non essential"
"S000003666","Non essential"
"S000003664","Non essential"
"S000003463","Non essential"
"S000003662","Non essential"
"S000003660","Non essential"
"S000005771","Non essential"
"S000005952","Non essential"
"S000003402","Non essential"
"S000006160","Non essential"
"S000001418","Non essential"
"S000004294","Non essential"
"S000004747","Non essential"
"S000004290","Non essential"
"S000002399","Non essential"
"S000003083","Non essential"
"S000000212","Non essential"
"S000000213","Non essential"
"S000000218","Non essential"
"S000001784","Non essential"
"S000000695","Non essential"
"S000001788","Non essential"
"S000005950","Non essential"
"S000005951","Non essential"
"S000002264","Non essential"
"S000000038","Non essential"
"S000000037","Non essential"
"S000000034","Non essential"
"S000000562","Non essential"
"S000004861","Non essential"
"S000004860","Non essential"
"S000004468","Non essential"
"S000004464","Non essential"
"S000004466","Non essential"
"S000006371","Non essential"
"S000004463","Non essential"
"S000005333","Non essential"
"S000005330","Non essential"
"S000005485","Non essential"
"S000005338","Non essential"
"S000005339","Non essential"
"S000001634","Non essential"
"S000001326","Non essential"
"S000004680","Non essential"
"S000004683","Non essential"
"S000004682","Non essential"
"S000004685","Non essential"
"S000005156","Non essential"
"S000005150","Non essential"
"S000002305","Non essential"
"S000005159","Non essential"
"S000002656","Non essential"
"S000001428","Non essential"
"S000002650","Non essential"
"S000002652","Non essential"
"S000000534","Non essential"
"S000006353","Non essential"
"S000006359","Non essential"
"S000006358","Non essential"
"S000005806","Non essential"
"S000003677","Non essential"
"S000006175","Non essential"
"S000006177","Non essential"
"S000006170","Non essential"
"S000003413","Non essential"
"S000002788","Non essential"
"S000002787","Non essential"
"S000003095","Non essential"
"S000003659","Non essential"
"S000003951","Non essential"
"S000005507","Non essential"
"S000006133","Non essential"
"S000005501","Non essential"
"S000000200","Non essential"
"S000000202","Non essential"
"S000006157","Non essential"
"S000000688","Non essential"
"S000000684","Non essential"
"S000000686","Non essential"
"S000006135","Non essential"
"S000002833","Non essential"
"S000002389","Non essential"
"S000003099","Non essential"
"S000006136","Non essential"
"S000000022","Non essential"
"S000005728","Non essential"
"S000004854","Non essential"
"S000004856","Non essential"
"S000004850","Non essential"
"S000004851","Non essential"
"S000004858","Non essential"
"S000004327","Non essential"
"S000004325","Non essential"
"S000004329","Non essential"
"S000005322","Non essential"
"S000004140","Non essential"
"S000001072","Non essential"
"S000005145","Non essential"
"S000005144","Non essential"
"S000005146","Non essential"
"S000005141","Non essential"
"S000002911","Non essential"
"S000001795","Non essential"
"S000001797","Non essential"
"S000001790","Non essential"
"S000001792","Non essential"
"S000000535","Non essential"
"S000006367","Non essential"
"S000006363","Non essential"
"S000005817","Non essential"
"S000005815","Non essential"
"S000005814","Non essential"
"S000001866","Non essential"
"S000001867","Non essential"
"S000001860","Non essential"
"S000000530","Non essential"
"S000001869","Non essential"
"S000003642","Non essential"
"S000003644","Non essential"
"S000003646","Non essential"
"S000006148","Non essential"
"S000005341","Non essential"
"S000006143","Non essential"
"S000006146","Non essential"
"S000006147","Non essential"
"S000003567","Non essential"
"S000003821","Non essential"
"S000003775","Non essential"
"S000002904","Non essential"
"S000001092","Non essential"
"S000002606","Non essential"
"S000000230","Non essential"
"S000000232","Non essential"
"S000000238","Non essential"
"S000000239","Non essential"
"S000007236","Non essential"
"S000002330","Non essential"
"S000003508","Non essential"
"S000006120","Non essential"
"S000001880","Non essential"
"S000007588","Non essential"
"S000005800","Non essential"
"S000006127","Non essential"
"S000000018","Non essential"
"S000000019","Non essential"
"S000000015","Non essential"
"S000006124","Non essential"
"S000002890","Non essential"
"S000002891","Non essential"
"S000002337","Non essential"
"S000004847","Non essential"
"S000004846","Non essential"
"S000004440","Non essential"
"S000004448","Non essential"
"S000005315","Non essential"
"S000005317","Non essential"
"S000001309","Non essential"
"S000001306","Non essential"
"S000001304","Non essential"
"S000001300","Non essential"
"S000002512","Non essential"
"S000000883","Non essential"
"S000005793","Non essential"
"S000005797","Non essential"
"S000005799","Non essential"
"S000004080","Non essential"
"S000002515","Non essential"
"S000001780","Non essential"
"S000004715","Non essential"
"S000004714","Non essential"
"S000004712","Non essential"
"S000003253","Non essential"
"S000003251","Non essential"
"S000006377","Non essential"
"S000003785","Non essential"
"S000003170","Non essential"
"S000002308","Non essential"
"S000003171","Non essential"
"S000001873","Non essential"
"S000005171","Non essential"
"S000005173","Non essential"
"S000005174","Non essential"
"S000005175","Non essential"
"S000005596","Non essential"
"S000003439","Non essential"
"S000003437","Non essential"
"S000003435","Non essential"
"S000003434","Non essential"
"S000003432","Non essential"
"S000005595","Non essential"
"S000005591","Non essential"
"S000004064","Non essential"
"S000002280","Non essential"
"S000002286","Non essential"
"S000000229","Non essential"
"S000000222","Non essential"
"S000000227","Non essential"
"S000000225","Non essential"
"S000000224","Non essential"
"S000002504","Non essential"
"S000003879","Non essential"
"S000003878","Non essential"
"S000003877","Non essential"
"S000000641","Non essential"
"S000003870","Non essential"
"S000000643","Non essential"
"S000000002","Non essential"
"S000000007","Non essential"
"S000002889","Non essential"
"S000007223","Non essential"
"S000000647","Non essential"
"S000002885","Non essential"
"S000004789","Non essential"
"S000004839","Non essential"
"S000004836","Non essential"
"S000004781","Non essential"
"S000001162","Non essential"
"S000001161","Non essential"
"S000001050","Non essential"
"S000004300","Non essential"
"S000006078","Non essential"
"S000001661","Non essential"
"S000001662","Non essential"
"S000001664","Non essential"
"S000001667","Non essential"
"S000004160","Non essential"
"S000004162","Non essential"
"S000006076","Non essential"
"S000005784","Non essential"
"S000005303","Non essential"
"S000005301","Non essential"
"S000005304","Non essential"
"S000001617","Non essential"
"S000006301","Non essential"
"S000001848","Non essential"
"S000001841","Non essential"
"S000001510","Non essential"
"S000001517","Non essential"
"S000005168","Non essential"
"S000005167","Non essential"
"S000005163","Non essential"
"S000005162","Non essential"
"S000003900","Non essential"
"S000000421","Non essential"
"S000002507","Non essential"
"S000000420","Non essential"
"S000002785","Non essential"
"S000000250","Non essential"
"S000004662","Non essential"
"S000006244","Non essential"
"S000002232","Non essential"
"S000002230","Non essential"
"S000004829","Non essential"
"S000004822","Non essential"
"S000004311","Non essential"
"S000004310","Non essential"
"S000004317","Non essential"
"S000004837","Non essential"
"S000004173","Non essential"
"S000001674","Non essential"
"S000004178","Non essential"
"S000001005","Non essential"
"S000003166","Non essential"
"S000003725","Non essential"
"S000005378","Non essential"
"S000005379","Non essential"
"S000005376","Non essential"
"S000005373","Non essential"
"S000003239","Non essential"
"S000003235","Non essential"
"S000002326","Non essential"
"S000002327","Non essential"
"S000001500","Non essential"
"S000001503","Non essential"
"S000001853","Non essential"
"S000004086","Non essential"
"S000005197","Non essential"
"S000005199","Non essential"
"S000001002","Non essential"
"S000005999","Non essential"
"S000003055","Non essential"
"S000003054","Non essential"
"S000003502","Non essential"
"S000003053","Non essential"
"S000002443","Non essential"
"S000000245","Non essential"
"S000000247","Non essential"
"S000000246","Non essential"
"S000000241","Non essential"
"S000000243","Non essential"
"S000001054","Non essential"
"S000004164","Non essential"
"S000001008","Non essential"
"S000005827","Non essential"
"S000001052","Non essential"
"S000001465","Non essential"
"S000005829","Non essential"
"S000001468","Non essential"
"S000000064","Non essential"
"S000000063","Non essential"
"S000000062","Non essential"
"S000004765","Non essential"
"S000004369","Non essential"
"S000004364","Non essential"
"S000004500","Non essential"
"S000004104","Non essential"
"S000004103","Non essential"
"S000004108","Non essential"
"S000001058","Non essential"
"S000005016","Non essential"
"S000005015","Non essential"
"S000004583","Non essential"
"S000004013","Non essential"
"S000004015","Non essential"
"S000005361","Non essential"
"S000005363","Non essential"
"S000003200","Non essential"
"S000005769","Non essential"
"S000003203","Non essential"
"S000003475","Non essential"
"S000002625","Non essential"
"S000002624","Non essential"
"S000001538","Non essential"
"S000001539","Non essential"
"S000002622","Non essential"
"S000001534","Non essential"
"S000001530","Non essential"
"S000005944","Non essential"
"S000005812","Non essential"
"S000006184","Non essential"
"S000006186","Non essential"
"S000006180","Non essential"
"S000006181","Non essential"
"S000005765","Non essential"
"S000002684","Non essential"
"S000005764","Non essential"
"S000005943","Non essential"
"S000002249","Non essential"
"S000002506","Non essential"
"S000005981","Non essential"
"S000005987","Non essential"
"S000005986","Non essential"
"S000006050","Non essential"
"S000006055","Non essential"
"S000006262","Non essential"
"S000007587","Non essential"
"S000001043","Non essential"
"S000002980","Non essential"
"S000002982","Non essential"
"S000002985","Non essential"
"S000002987","Non essential"
"S000002988","Non essential"
"S000005809","Non essential"
"S000000058","Non essential"
"S000000729","Non essential"
"S000005302","Non essential"
"S000000050","Non essential"
"S000000057","Non essential"
"S000002474","Non essential"
"S000001046","Non essential"
"S000002464","Non essential"
"S000002475","Non essential"
"S000004807","Non essential"
"S000004772","Non essential"
"S000004802","Non essential"
"S000004777","Non essential"
"S000004776","Non essential"
"S000002508","Non essential"
"S000004379","Non essential"
"S000004372","Non essential"
"S000004110","Non essential"
"S000003222","Non essential"
"S000003220","Non essential"
"S000002470","Non essential"
"S000002642","Non essential"
"S000002550","Non essential"
"S000004592","Non essential"
"S000004597","Non essential"
"S000001022","Non essential"
"S000005801","Non essential"
"S000005350","Non essential"
"S000005423","Non essential"
"S000005429","Non essential"
"S000003217","Non essential"
"S000003215","Non essential"
"S000003213","Non essential"
"S000003212","Non essential"
"S000003211","Non essential"
"S000005646","Non essential"
"S000001522","Non essential"
"S000001521","Non essential"
"S000001524","Non essential"
"S000001529","Non essential"
"S000002427","Non essential"
"S000002426","Non essential"
"S000001769","Non essential"
"S000001026","Non essential"
"S000002294","Non essential"
"S000002292","Non essential"
"S000006041","Non essential"
"S000002478","Non essential"
"S000002559","Non essential"
"S000006046","Non essential"
"S000002796","Non essential"
"S000002790","Non essential"
"S000000915","Non essential"
"S000000262","Non essential"
"S000000260","Non essential"
"S000000919","Non essential"
"S000007245","Non essential"
"S000002535","Non essential"
"S000002441","Non essential"
"S000001236","Non essential"
"S000001047","Non essential"
"S000002991","Non essential"
"S000003834","Non essential"
"S000002999","Non essential"
"S000000595","Non essential"
"S000003179","Non essential"
"S000002536","Non essential"
"S000001153","Non essential"
"S000000739","Non essential"
"S000000738","Non essential"
"S000000730","Non essential"
"S000000733","Non essential"
"S000000737","Non essential"
"S000004744","Non essential"
"S000004745","Non essential"
"S000004748","Non essential"
"S000004340","Non essential"
"S000004343","Non essential"
"S000004346","Non essential"
"S000004349","Non essential"
"S000001154","Non essential"
"S000003543","Non essential"
"S000002442","Non essential"
"S000001074","Non essential"
"S000002532","Non essential"
"S000001732","Non essential"
"S000001731","Non essential"
"S000001736","Non essential"
"S000001737","Non essential"
"S000001734","Non essential"
"S000001738","Non essential"
"S000001739","Non essential"
"S000001081","Non essential"
"S000005432","Non essential"
"S000005435","Non essential"
"S000004120","Non essential"
"S000004121","Non essential"
"S000004123","Non essential"
"S000004126","Non essential"
"S000005658","Non essential"
"S000003771","Non essential"
"S000005650","Non essential"
"S000005652","Non essential"
"S000005655","Non essential"
"S000005656","Non essential"
"S000001550","Non essential"
"S000002794","Non essential"
"S000001070","Non essential"
"S000003831","Non essential"
"S000003830","Non essential"
"S000003836","Non essential"
"S000002797","Non essential"
"S000001303","Non essential"
"S000001006","Non essential"
"S000006293","Non essential"
"S000006295","Non essential"
"S000006297","Non essential"
"S000002283","Non essential"
"S000002282","Non essential"
"S000002281","Non essential"
"S000003838","Non essential"
"S000002919","Non essential"
"S000004132","Non essential"
"S000000550","Non essential"
"S000002360","Non essential"
"S000001301","Non essential"
"S000003006","Non essential"
"S000003005","Non essential"
"S000006070","Non essential"
"S000006071","Non essential"
"S000006073","Non essential"
"S000002176","Non essential"
"S000002523","Non essential"
"S000002285","Non essential"
"S000004376","Non essential"
"S000000925","Non essential"
"S000000920","Non essential"
"S000000921","Non essential"
"S000000922","Non essential"
"S000003726","Non essential"
"S000005663","Non essential"
"S000002435","Non essential"
"S000002372","Non essential"
"S000003631","Non essential"
"S000002511","Non essential"
"S000002527","Non essential"
"S000001106","Non essential"
"S000001221","Non essential"
"S000003723","Non essential"
"S000001222","Non essential"
"S000002439","Non essential"
"S000000702","Non essential"
"S000005831","Non essential"
"S000004281","Non essential"
"S000004280","Non essential"
"S000004354","Non essential"
"S000004353","Non essential"
"S000003637","Non essential"
"S000002528","Non essential"
"S000002568","Non essential"
"S000003636","Non essential"
"S000002569","Non essential"
"S000000498","Non essential"
"S000005242","Non essential"
"S000004758","Non essential"
"S000004753","Non essential"
"S000004751","Non essential"
"S000005086","Non essential"
"S000001725","Non essential"
"S000001724","Non essential"
"S000005401","Non essential"
"S000005403","Non essential"
"S000004136","Non essential"
"S000004134","Non essential"
"S000004133","Non essential"
"S000005668","Non essential"
"S000005886","Non essential"
"S000005666","Non essential"
"S000005667","Non essential"
"S000005662","Non essential"
"S000001547","Non essential"
"S000003163","Non essential"
"S000003743","Non essential"
"S000001237","Non essential"
"S000002705","Non essential"
"S000001750","Non essential"
"S000002608","Non essential"
"S000006283","Non essential"
"S000001941","Non essential"
"S000001940","Non essential"
"S000001944","Non essential"
"S000004054","Non essential"
"S000003768","Non essential"
"S000000047","Non essential"
"S000003765","Non essential"
"S000003744","Non essential"
"S000002742","Non essential"
"S000002576","Non essential"
"S000003011","Non essential"
"S000006062","Non essential"
"S000006066","Non essential"
"S000003018","Non essential"
"S000006069","Non essential"
"S000006068","Non essential"
"S000003495","Non essential"
"S000003490","Non essential"
"S000003493","Non essential"
"S000002783","Non essential"
"S000005689","Non essential"
"S000002780","Non essential"
"S000001249","Non essential"
"S000003882","Non essential"
"S000002602","Non essential"
"S000002572","Non essential"
"S000000046","Non essential"
"S000003880","Non essential"
"S000002408","Non essential"
"S000001117","Non essential"
"S000000040","Non essential"
"S000003886","Non essential"
"S000003887","Non essential"
"S000007626","Non essential"
"S000002456","Non essential"
"S000000932","Non essential"
"S000000930","Non essential"
"S000000936","Non essential"
"S000003733","Non essential"
"S000005458","Non essential"
"S000002288","Non essential"
"S000003620","Non essential"
"S000000673","Non essential"
"S000001118","Non essential"
"S000001119","Non essential"
"S000001115","Non essential"
"S000002721","Non essential"
"S000002722","Non essential"
"S000004728","Non essential"
"S000004727","Non essential"
"S000004724","Non essential"
"S000004722","Non essential"
"S000004721","Non essential"
"S000002723","Non essential"
"S000005098","Non essential"
"S000005097","Non essential"
"S000001717","Non essential"
"S000002724","Non essential"
"S000005419","Non essential"
"S000005412","Non essential"
"S000005416","Non essential"
"S000005415","Non essential"
"S000001392","Non essential"
"S000001393","Non essential"
"S000001395","Non essential"
"S000001396","Non essential"
"S000003848","Non essential"
"S000005895","Non essential"
"S000005670","Non essential"
"S000001570","Non essential"
"S000005679","Non essential"
"S000001577","Non essential"
"S000002384","Non essential"
"S000002385","Non essential"
"S000001011","Non essential"
"S000006272","Non essential"
"S000006273","Non essential"
"S000006276","Non essential"
"S000006277","Non essential"
"S000003719","Non essential"
"S000003713","Non essential"
"S000001016","Non essential"
"S000003022","Non essential"
"S000001014","Non essential"
"S000001023","Non essential"
"S000003754","Non essential"
"S000002562","Non essential"
"S000001232","Non essential"
"S000003727","Non essential"
"S000000541","Non essential"
"S000000544","Non essential"
"S000000897","Non essential"
"S000000893","Non essential"
"S000000947","Non essential"
"S000000944","Non essential"
"S000000945","Non essential"
"S000006232","Non essential"
"S000006233","Non essential"
"S000000764","Non essential"
"S000000762","Non essential"
"S000000763","Non essential"
"S000000768","Non essential"
"S000002816","Non essential"
"S000002817","Non essential"
"S000002818","Non essential"
"S000002819","Non essential"
"S000002223","Non essential"
"S000002224","Non essential"
"S000005908","Non essential"
"S000002236","Non essential"
"S000000366","Non essential"
"S000000367","Non essential"
"S000001244","Non essential"
"S000001245","Non essential"
"S000002329","Non essential"
"S000003500","Non essential"
"S000004734","Non essential"
"S000004737","Non essential"
"S000004736","Non essential"
"S000004730","Non essential"
"S000005063","Non essential"
"S000005060","Non essential"
"S000005067","Non essential"
"S000005065","Non essential"
"S000001703","Non essential"
"S000003913","Non essential"
"S000005463","Non essential"
"S000001387","Non essential"
"S000001386","Non essential"
"S000001382","Non essential"
"S000003858","Non essential"
"S000001567","Non essential"
"S000005638","Non essential"
"S000001562","Non essential"
"S000005747","Non essential"
"S000003518","Non essential"
"S000003062","Non essential"
"S000005289","Non essential"
"S000006266","Non essential"
"S000005284","Non essential"
"S000003519","Non essential"
"S000003708","Non essential"
"S000003069","Non essential"
"S000003704","Non essential"
"S000003707","Non essential"
"S000005157","Non essential"
"S000003702","Non essential"
"S000003038","Non essential"
"S000003032","Non essential"
"S000003035","Non essential"
"S000003034","Non essential"
"S000003520","Non essential"
"S000003263","Non essential"
"S000003260","Non essential"
"S000003266","Non essential"
"S000003863","Non essential"
"S000001673","Non essential"
"S000001671","Non essential"
"S000006398","Non essential"
"S000004483","Non essential"
"S000002468","Non essential"
"S000004480","Non essential"
"S000000958","Non essential"
"S000004955","Non essential"
"S000000957","Non essential"
"S000000956","Non essential"
"S000000953","Non essential"
"S000001474","Non essential"
"S000004957","Non essential"
"S000003867","Non essential"
"S000005839","Non essential"
"S000005838","Non essential"
"S000000778","Non essential"
"S000002801","Non essential"
"S000002800","Non essential"
"S000002803","Non essential"
"S000002807","Non essential"
"S000002313","Non essential"
"S000005617","Non essential"
"S000003513","Non essential"
"S000003663","Non essential"
"S000005616","Non essential"
"S000000377","Non essential"
"S000000376","Non essential"
"S000001417","Non essential"
"S000003514","Non essential"
"S000001416","Non essential"
"S000000203","Non essential"
"S000001415","Non essential"
"S000003901","Non essential"
"S000003516","Non essential"
"S000004701","Non essential"
"S000004702","Non essential"
"S000004703","Non essential"
"S000004704","Non essential"
"S000004706","Non essential"
"S000004708","Non essential"
"S000005071","Non essential"
"S000005073","Non essential"
"S000004079","Non essential"
"S000004073","Non essential"
"S000003517","Non essential"
"S000004074","Non essential"
"S000004075","Non essential"
"S000005612","Non essential"
"S000001331","Non essential"
"S000004005","Non essential"
"S000004551","Non essential"
"S000003405","Non essential"
"S000004553","Non essential"
"S000001593","Non essential"
"S000001596","Non essential"
"S000001597","Non essential"
"S000001599","Non essential"
"S000005619","Non essential"
"S000005201","Non essential"
"S000002375","Non essential"
"S000005978","Non essential"
"S000006168","Non essential"
"S000002374","Non essential"
"S000005298","Non essential"
"S000006256","Non essential"
"S000006253","Non essential"
"S000005291","Non essential"
"S000005290","Non essential"
"S000006258","Non essential"
"S000005296","Non essential"
"S000001917","Non essential"
"S000003048","Non essential"
"S000006030","Non essential"
"S000006031","Non essential"
"S000006032","Non essential"
"S000006034","Non essential"
"S000006036","Non essential"
"S000006037","Non essential"
"S000002629","Non essential"
"S000003192","Non essential"
"S000007348","Non essential"
"S000000566","Non essential"
"S000001419","Non essential"
"S000000964","Non essential"
"S000000965","Non essential"
"S000000966","Non essential"
"S000000968","Non essential"
"S000002418","Non essential"
"S000000741","Non essential"
"S000002830","Non essential"
"S000002832","Non essential"
"S000002412","Non essential"
"S000002411","Non essential"
"S000003312","Non essential"
"S000001197","Non essential"
"S000001079","Non essential"
"S000000345","Non essential"
"S000000341","Non essential"
"S000001508","Non essential"
"S000004241","Non essential"
"S000004240","Non essential"
"S000004243","Non essential"
"S000005045","Non essential"
"S000005041","Non essential"
"S000005043","Non essential"
"S000001764","Non essential"
"S000005048","Non essential"
"S000001763","Non essential"
"S000001762","Non essential"
"S000005440","Non essential"
"S000005441","Non essential"
"S000005444","Non essential"
"S000005446","Non essential"
"S000005447","Non essential"
"S000005449","Non essential"
"S000003871","Non essential"
"S000001850","Non essential"
"S000001584","Non essential"
"S000001586","Non essential"
"S000001589","Non essential"
"S000002481","Non essential"
"S000001124","Non essential"
"S000001512","Non essential"
"S000003852","Non essential"
"S000029705","Non essential"
"S000002633","Non essential"
"S000006249","Non essential"
"S000006241","Non essential"
"S000006247","Non essential"
"S000002585","Non essential"
"S000001905","Non essential"
"S000001907","Non essential"
"S000001906","Non essential"
"S000001903","Non essential"
"S000001902","Non essential"
"S000005585","Non essential"
"S000001093","Non essential"
"S000005625","Non essential"
"S000005626","Non essential"
"S000005627","Non essential"
"S000006028","Non essential"
"S000006025","Non essential"
"S000003051","Non essential"
"S000006022","Non essential"
"S000006021","Non essential"
"S000003823","Non essential"
"S000001654","Non essential"
"S000001090","Non essential"
"S000004291","Non essential"
"S000003183","Non essential"
"S000003180","Non essential"
"S000003184","Non essential"
"S000003189","Non essential"
"S000002369","Non essential"
"S000000977","Non essential"
"S000000975","Non essential"
"S000000971","Non essential"
"S000000978","Non essential"
"S000003127","Non essential"
"S000000755","Non essential"
"S000000750","Non essential"
"S000002822","Non essential"
"S000002740","Non essential"
"S000002741","Non essential"
"S000000353","Non essential"
"S000001224","Non essential"
"S000004275","Non essential"
"S000004276","Non essential"
"S000004271","Non essential"
"S000004279","Non essential"
"S000004502","Non essential"
"S000005584","Non essential"
"S000001752","Non essential"
"S000001758","Non essential"
"S000001759","Non essential"
"S000005456","Non essential"
"S000005455","Non essential"
"S000005453","Non essential"
"S000005452","Non essential"
"S000005450","Non essential"
"S000004181","Non essential"
"S000002258","Non essential"
"S000003842","Non essential"
"S000002259","Non essential"
"S000001760","Non essential"
"S000004982","Non essential"
"S000004980","Non essential"
"S000003844","Non essential"
"S000004989","Non essential"
"S000005059","Non essential"
"S000005051","Non essential"
"S000005050","Non essential"
"S000006235","Non essential"
"S000001939","Non essential"
"S000005905","Non essential"
"S000001934","Non essential"
"S000001937","Non essential"
"S000005637","Non essential"
"S000003068","Non essential"
"S000005578","Non essential"
"S000005894","Non essential"
"S000002235","Non essential"
"S000002177","Non essential"
"S000000507","Non essential"
"S000003318","Non essential"
"S000003310","Non essential"
"S000005593","Non essential"
"S000002855","Non essential"
"S000000323","Non essential"
"S000000329","Non essential"
"S000005540","Non essential"
"S000005749","Non essential"
"S000002669","Non essential"
"S000004260","Non essential"
"S000001747","Non essential"
"S000004518","Non essential"
"S000004049","Non essential"
"S000004048","Non essential"
"S000001777","Non essential"
"S000003476","Non essential"
"S000003891","Non essential"
"S000003890","Non essential"
"S000003893","Non essential"
"S000003892","Non essential"
"S000004199","Non essential"
"S000004197","Non essential"
"S000004191","Non essential"
"S000004190","Non essential"
"S000004193","Non essential"
"S000003159","Non essential"
"S000004128","Non essential"
"S000004997","Non essential"
"S000004990","Non essential"
"S000004992","Non essential"
"S000005028","Non essential"
"S000005029","Non essential"
"S000005026","Non essential"
"S000005027","Non essential"
"S000006228","Non essential"
"S000006225","Non essential"
"S000006227","Non essential"
"S000006226","Non essential"
"S000006222","Non essential"
"S000005936","Non essential"
"S000005930","Non essential"
"S000001929","Non essential"
"S000001926","Non essential"
"S000004046","Non essential"
"S000004045","Non essential"
"S000002690","Non essential"
"S000003796","Non essential"
"S000002697","Non essential"
"S000003797","Non essential"
"S000003794","Non essential"
"S000002253","Non essential"
"S000005498","Non essential"
"S000002262","Non essential"
"S000000515","Non essential"
"S000000517","Non essential"
"S000000516","Non essential"
"S000003898","Non essential"
"S000002349","Non essential"
"S000005639","Non essential"
"S000002843","Non essential"
"S000001109","Non essential"
"S000003906","Non essential"
"S000000336","Non essential"
"S000000330","Non essential"
"S000004460","Non essential"
"S000006010","Non essential"
"S000001639","Non essential"
"S000002342","Non essential"
"S000002104","Non essential"
"S000001243","Non essential"
"S000005489","Non essential"
"S000005484","Non essential"
"S000001632","Non essential"
"S000006019","Non essential"
"S000001631","Non essential"
"S000004524","Non essential"
"S000004034","Non essential"
"S000004528","Non essential"
"S000005481","Non essential"
"S000003909","Non essential"
"S000005482","Non essential"
"S000001241","Non essential"
"S000002390","Non essential"
"S000002432","Non essential"
"S000002393","Non essential"
"S000002395","Non essential"
"S000001488","Non essential"
"S000001247","Non essential"
"S000006389","Non essential"
"S000001484","Non essential"
"S000001485","Non essential"
"S000003938","Non essential"
"S000005038","Non essential"
"S000005035","Non essential"
"S000005034","Non essential"
"S000005036","Non essential"
"S000006212","Non essential"
"S000006217","Non essential"
"S000005925","Non essential"
"S000001268","Non essential"
"S000001269","Non essential"
"S000001264","Non essential"
"S000003464","Non essential"
"S000001263","Non essential"
"S000002680","Non essential"
"S000003465","Non essential"
"S000002754","Non essential"
"S000002433","Non essential"
"S000002275","Non essential"
"S000003165","Non essential"
"S000000435","Non essential"
"S000003824","Non essential"
"S000005486","Non essential"
"S000001063","Non essential"
"S000006128","Non essential"
"S000002397","Non essential"
"S000006129","Non essential"
"S000003332","Non essential"
"S000003333","Non essential"
"S000002661","Non essential"
"S000002271","Non essential"
"S000000786","Non essential"
"S000000788","Non essential"
"S000000789","Non essential"
"S000005119","Non essential"
"S000002873","Non essential"
"S000002877","Non essential"
"S000002878","Non essential"
"S000002214","Non essential"
"S000002217","Non essential"
"S000002210","Non essential"
"S000002333","Non essential"
"S000004760","Non essential"
"S000001250","Non essential"
"S000000301","Non essential"
"S000000656","Non essential"
"S000002664","Non essential"
"S000004208","Non essential"
"S000003046","Non essential"
"S000004024","Non essential"
"S000004022","Non essential"
"S000004028","Non essential"
"S000001121","Non essential"
"S000002692","Non essential"
"S000003819","Non essential"
"S000001499","Non essential"
"S000001498","Non essential"
"S000001493","Non essential"
"S000001492","Non essential"
"S000001490","Non essential"
"S000002378","Non essential"
"S000005552","Non essential"
"S000005553","Non essential"
"S000005551","Non essential"
"S000005008","Non essential"
"S000005558","Non essential"
"S000004537","Non essential"
"S000003924","Non essential"
"S000006207","Non essential"
"S000005958","Non essential"
"S000005772","Non essential"
"S000006208","Non essential"
"S000001272","Non essential"
"S000001019","Non essential"
"S000002678","Non essential"
"S000003691","Non essential"
"S000002674","Non essential"
"S000000821","Non essential"
"S000000822","Non essential"
"S000000829","Non essential"
"S000000539","Non essential"
"S000000538","Non essential"
"S000003325","Non essential"
"S000003328","Non essential"
"S000004965","Non essential"
"S000004966","Non essential"
"S000004967","Non essential"
"S000003813","Non essential"
"S000004961","Non essential"
"S000002864","Non essential"
"S000002860","Non essential"
"S000003928","Non essential"
"S000004968","Non essential"
"S000002673","Non essential"
"S000005717","Non essential"
"S000005779","Non essential"
"S000003690","Non essential"
"S000000319","Non essential"
"S000000318","Non essential"
"S000000315","Non essential"
"S000000792","Non essential"
"S000000790","Non essential"
"S000003561","Non essential"
"S000003816","Non essential"
"S000004231","Non essential"
"S000004232","Non essential"
"S000004234","Non essential"
"S000004235","Non essential"
"S000004236","Non essential"
"S000004238","Non essential"
"S000004563","Non essential"
"S000002665","Non essential"
"S000003415","Non essential"
"S000003416","Non essential"
"S000003410","Non essential"
"S000005967","Non essential"
"S000001462","Non essential"
"S000004946","Non essential"
"S000004494","Non essential"
"S000004948","Non essential"
"S000004497","Non essential"
"S000005962","Non essential"
"S000003419","Non essential"
"S000005543","Non essential"
"S000005014","Non essential"
"S000004545","Non essential"
"S000004014","Non essential"
"S000004543","Non essential"
"S000001206","Non essential"
"S000005969","Non essential"
"S000001201","Non essential"
"S000001688","Non essential"
"S000001680","Non essential"
"S000003132","Non essential"
"S000003131","Non essential"
"S000003135","Non essential"
"S000006095","Non essential"
"S000006093","Non essential"
"S000006091","Non essential"
"S000000816","Non essential"
"S000000818","Non essential"
"S000000819","Non essential"
"S000003356","Non essential"
"S000003357","Non essential"
"S000003355","Non essential"
"S000004129","Non essential"
"S000005368","Non essential"
"S000005225","Non essential"
"S000000491","Non essential"
"S000000492","Non essential"
"S000000493","Non essential"
"S000000494","Non essential"
"S000000495","Non essential"
"S000003801","Non essential"
"S000003201","Non essential"
"S000006322","Non essential"
"S000003300","Non essential"
"S000005221","Non essential"
"S000004716","Non essential"
"S000002334","Non essential"
"S000004229","Non essential"
"S000002621","Non essential"
"S000004421","Non essential"
"S000003573","Non essential"
"S000003094","Non essential"
"S000004390","Non essential"
"S000000109","Non essential"
"S000000103","Non essential"
"S000000104","Non essential"
"S000001060","Non essential"
"S000004484","Non essential"
"S000004489","Non essential"
"S000004488","Non essential"
"S000003624","Non essential"
"S000001471","Non essential"
"S000005575","Non essential"
"S000005577","Non essential"
"S000004559","Non essential"
"S000004007","Non essential"
"S000004004","Non essential"
"S000005203","Non essential"
"S000005975","Non essential"
"S000005757","Non essential"
"S000001214","Non essential"
"S000001219","Non essential"
"S000005680","Non essential"
"S000005681","Non essential"
"S000001165","Non essential"
"S000004666","Non essential"
"S000005186","Non essential"
"S000005310","Non essential"
"S000001699","Non essential"
"S000001698","Non essential"
"S000001690","Non essential"
"S000001696","Non essential"
"S000003129","Non essential"
"S000003698","Non essential"
"S000002746","Non essential"
"S000002744","Non essential"
"S000006088","Non essential"
"S000001476","Non essential"
"S000006085","Non essential"
"S000006086","Non essential"
"S000003344","Non essential"
"S000003342","Non essential"
"S000006436","Non essential"
"S000006437","Non essential"
"S000001709","Non essential"
"S000000485","Non essential"
"S000000484","Non essential"
"S000000483","Non essential"
"S000000480","Non essential"
"S000000807","Non essential"
"S000000804","Non essential"
"S000002319","Non essential"
"S000000662","Non essential"
"S000000661","Non essential"
"S000000664","Non essential"
"S000002318","Non essential"
"S000000680","Non essential"
"S000004505","Non essential"
"S000000118","Non essential"
"S000000111","Non essential"
"S000000113","Non essential"
"S000000112","Non essential"
"S000000115","Non essential"
"S000000117","Non essential"
"S000000552","Non essential"
"S000002225","Non essential"
"S000005219","Non essential"
"S000001444","Non essential"
"S000001440","Non essential"
"S000001441","Non essential"
"S000001199","Non essential"
"S000005569","Non essential"
"S000005568","Non essential"
"S000005218","Non essential"
"S000005563","Non essential"
"S000005565","Non essential"
"S000005564","Non essential"
"S000004560","Non essential"
"S000004562","Non essential"
"S000004565","Non essential"
"S000005742","Non essential"
"S000005963","Non essential"
"S000005745","Non essential"
"S000004610","Non essential"
"S000004611","Non essential"
"S000004616","Non essential"
"S000004617","Non essential"
"S000004614","Non essential"
"S000005697","Non essential"
"S000005691","Non essential"
"S000005690","Non essential"
"S000005692","Non essential"
"S000006059","Non essential"
"S000001569","Non essential"
"S000006056","Non essential"
"S000001568","Non essential"
"S000006054","Non essential"
"S000005011","Non essential"
"S000003111","Non essential"
"S000003112","Non essential"
"S000002756","Non essential"
"S000002303","Non essential"
"S000002497","Non essential"
"S000001467","Non essential"
"S000003595","Non essential"
"S000003596","Non essential"
"S000003598","Non essential"
"S000003376","Non essential"
"S000001059","Non essential"
"S000003244","Non essential"
"S000002499","Non essential"
"S000000471","Non essential"
"S000000475","Non essential"
"S000000479","Non essential"
"S000000877","Non essential"
"S000000875","Non essential"
"S000000870","Non essential"
"S000000871","Non essential"
"S000000903","Non essential"
"S000000612","Non essential"
"S000000610","Non essential"
"S000001469","Non essential"
"S000001179","Non essential"
"S000000277","Non essential"
"S000002542","Non essential"
"S000002547","Non essential"
"S000002178","Non essential"
"S000002549","Non essential"
"S000000298","Non essential"
"S000000299","Non essential"
"S000000290","Non essential"
"S000003860","Non essential"
"S000001847","Non essential"
"S000003635","Non essential"
"S000000128","Non essential"
"S000000120","Non essential"
"S000003638","Non essential"
"S000004972","Non essential"
"S000001456","Non essential"
"S000001182","Non essential"
"S000005511","Non essential"
"S000003964","Non essential"
"S000004574","Non essential"
"S000003963","Non essential"
"S000004570","Non essential"
"S000004578","Non essential"
"S000005734","Non essential"
"S000005223","Non essential"
"S000004600","Non essential"
"S000004604","Non essential"
"S000004606","Non essential"
"S000004521","Non essential"
"S000003861","Non essential"
"S000005285","Non essential"
"S000002180","Non essential"
"S000004546","Non essential"
"S000003104","Non essential"
"S000002760","Non essential"
"S000003582","Non essential"
"S000003580","Non essential"
"S000003589","Non essential"
"S000002239","Non essential"
"S000003367","Non essential"
"S000003365","Non essential"
"S000003364","Non essential"
"S000000615","Non essential"
"S000002672","Non essential"
"S000000465","Non essential"
"S000000464","Non essential"
"S000000467","Non essential"
"S000004322","Non essential"
"S000000867","Non essential"
"S000000861","Non essential"
"S000000553","Non essential"
"S000000604","Non essential"
"S000000602","Non essential"
"S000000608","Non essential"
"S000006005","Non essential"
"S000005251","Non essential"
"S000006007","Non essential"
"S000005492","Non essential"
"S000005496","Non essential"
"S000000288","Non essential"
"S000001142","Non essential"
"S000000285","Non essential"
"S000001645","Non essential"
"S000001643","Non essential"
"S000001640","Non essential"
"S000000133","Non essential"
"S000000132","Non essential"
"S000002971","Non essential"
"S000002974","Non essential"
"S000002977","Non essential"
"S000004906","Non essential"
"S000004905","Non essential"
"S000004902","Non essential"
"S000004900","Non essential"
"S000003952","Non essential"
"S000003955","Non essential"
"S000004539","Non essential"
"S000005724","Non essential"
"S000005727","Non essential"
"S000004638","Non essential"
"S000005723","Non essential"
"S000004631","Non essential"
"S000005366","Non essential"
"S000002198","Non essential"
"S000002193","Non essential"
"S000003124","Non essential"
"S000005232","Non essential"
"S000005237","Non essential"
"S000005236","Non essential"
"S000005235","Non essential"
"S000003932","Non essential"
"S000003933","Non essential"
"S000003936","Non essential"
"S000003937","Non essential"
"S000003935","Non essential"
"S000003391","Non essential"
"S000005929","Non essential"
"S000003455","Non essential"
"S000005923","Non essential"
"S000003457","Non essential"
"S000005922","Non essential"
"S000000450","Non essential"
"S000000452","Non essential"
"S000000453","Non essential"
"S000002204","Non essential"
"S000000850","Non essential"
"S000000851","Non essential"
"S000000853","Non essential"
"S000000855","Non essential"
"S000000857","Non essential"
"S000004771","Non essential"
"S000000630","Non essential"
"S000000632","Non essential"
"S000000633","Non essential"
"S000007496","Non essential"
"S000004801","Non essential"
"S000001204","Non essential"
"S000001146","Non essential"
"S000000147","Non essential"
"S000000145","Non essential"
"S000000143","Non essential"
"S000000148","Non essential"
"S000005241","Non essential"
"S000002941","Non essential"
"S000004915","Non essential"
"S000004917","Non essential"
"S000004910","Non essential"
"S000004378","Non essential"
"S000005531","Non essential"
"S000005532","Non essential"
"S000005533","Non essential"
"S000003949","Non essential"
"S000003946","Non essential"
"S000003944","Non essential"
"S000003942","Non essential"
"S000000880","Non essential"
"S000004623","Non essential"
"S000004621","Non essential"
"S000004625","Non essential"
"S000004624","Non essential"
"S000004629","Non essential"
"S000004628","Non essential"
"S000002743","Non essential"
"S000007605","Non essential"
"S000001473","Non essential"
"S000002160","Non essential"
"S000005399","Non essential"
"S000002164","Non essential"
"S000005390","Non essential"
"S000005392","Non essential"
"S000003247","Non essential"
"S000005249","Non essential"
"S000005714","Non essential"
"S000005818","Non essential"
"S000003162","Non essential"
"S000002706","Non essential"
"S000004116","Non essential"
"S000002701","Non essential"
"S000002663","Non essential"
"S000002708","Non essential"
"S000003381","Non essential"
"S000004970","Non essential"
"S000003384","Non essential"
"S000003389","Non essential"
"S000004977","Non essential"
"S000004976","Non essential"
"S000004975","Non essential"
"S000000954","Non essential"
"S000001150","Non essential"
"S000005861","Non essential"
"S000005864","Non essential"
"S000005865","Non essential"
"S000001773","Non essential"
"S000000449","Non essential"
"S000000443","Non essential"
"S000000846","Non essential"
"S000000844","Non essential"
"S000000843","Non essential"
"S000000842","Non essential"
"S000000849","Non essential"
"S000000848","Non essential"
"S000000629","Non essential"
"S000000628","Non essential"
"S000000623","Non essential"
"S000000621","Non essential"
"S000000772","Non essential"
"S000007253","Non essential"
"S000003420","Non essential"
"S000004571","Non essential"
"S000003425","Non essential"
"S000003426","Non essential"
"S000000157","Non essential"
"S000000156","Non essential"
"S000000151","Non essential"
"S000000153","Non essential"
"S000002957","Non essential"
"S000004430","Non essential"
"S000001407","Non essential"
"S000004385","Non essential"
"S000004380","Non essential"
"S000004381","Non essential"
"S000005528","Non essential"
"S000004651","Non essential"
"S000005738","Non essential"
"S000001032","Non essential"
"S000002273","Non essential"
"S000000071","Non essential"
"S000005383","Non essential"
"S000001378","Non essential"
"S000001372","Non essential"
"S000001370","Non essential"
"S000002277","Non essential"
"S000005259","Non essential"
"S000005701","Non essential"
"S000003151","Non essential"
"S000003158","Non essential"
"S000003628","Non essential"
"S000002715","Non essential"
"S000002714","Non essential"
"S000002713","Non essential"
"S000002712","Non essential"
"S000003168","Non essential"
"S000005896","Non essential"
"S000004932","Non essential"
"S000000521","Non essential"
"S000005878","Non essential"
"S000005871","Non essential"
"S000005873","Non essential"
"S000005421","Non essential"
"S000005426","Non essential"
"S000000379","Non essential"
"S000000439","Non essential"
"S000000437","Non essential"
"S000005357","Non essential"
"S000000432","Non essential"
"S000000433","Non essential"
"S000003811","Non essential"
"S000003449","Non essential"
"S000003442","Non essential"
"S000003446","Non essential"
"S000003812","Non essential"
"S000000380","Non essential"
"S000000383","Non essential"
"S000000384","Non essential"
"S000005649","Non essential"
"S000006333","Non essential"
"S000006332","Non essential"
"S000006331","Non essential"
"S000003210","Non essential"
"S000001152","Non essential"
"S000003748","Non essential"
"S000002931","Non essential"
"S000002612","Non essential"
"S000002613","Non essential"
"S000002932","Non essential"
"S000005422","Non essential"
"S000003625","Non essential"
"S000001174","Non essential"
"S000001176","Non essential"
"S000000163","Non essential"
"S000002183","Non essential"
"S000002927","Non essential"
"S000002925","Non essential"
"S000002921","Non essential"
"S000004393","Non essential"
"S000004397","Non essential"
"S000004395","Non essential"
"S000004930","Non essential"
"S000004428","Non essential"
"S000007247","Non essential"
"S000004644","Non essential"
"S000004647","Non essential"
"S000004641","Non essential"
"S000004640","Non essential"
"S000003269","Non essential"
"S000003996","Non essential"
"S000001369","Non essential"
"S000002490","Non essential"
"S000002491","Non essential"
"S000001361","Non essential"
"S000001365","Non essential"
"S000004920","Non essential"
"S000000234","Non essential"
"S000004097","Non essential"
"S000005260","Non essential"
"S000005264","Non essential"
"S000005265","Non essential"
"S000005269","Non essential"
"S000003146","Non essential"
"S000003141","Non essential"
"S000005112","Non essential"
"S000005113","Non essential"
"S000005111","Non essential"
"S000003109","Non essential"
"S000007547","Non essential"
"S000004254","Non essential"
"S000006395","Non essential"
"S000006396","Non essential"
"S000005849","Non essential"
"S000006393","Non essential"
"S000000425","Non essential"
"S000000424","Non essential"
"S000003459","Non essential"
"S000005072","Non essential"
"S000005883","Non essential"
"S000005079","Non essential"
"S000005078","Non essential"
"S000000395","Non essential"
"S000000391","Non essential"
"S000005884","Non essential"
"S000004928","Non essential"
"S000005885","Non essential"
"S000001156","Non essential"
"S000004896","Non essential"
"S000000178","Non essential"
"S000000174","Non essential"
"S000005475","Non essential"
"S000002937","Non essential"
"S000000659","Non essential"
"S000004410","Non essential"
"S000004411","Non essential"
"S000004412","Non essential"
"S000004413","Non essential"
"S000004419","Non essential"
"S000003866","Non essential"
"S000003994","Non essential"
"S000003991","Non essential"
"S000003993","Non essential"
"S000004099","Non essential"
"S000004815","Non essential"
"S000000657","Non essential"
"S000000655","Non essential"
"S000004898","Non essential"
"S000003557","Non essential"
"S000004891","Non essential"
"S000004893","Non essential"
"S000004897","Non essential"
"S000006165","Non essential"
"S000004814","Non essential"
