Standard name	Final usage in training
SPBC106.09	Essential
SPAC607.03c	Essential
SPBC106.06	Essential
SPCC970.04c	Essential
SPBC32H8.04c	Essential
SPAC3A12.11c	Essential
SPAC4G8.12c	Essential
SPAC17G6.12	Essential
SPBC1703.10	Essential
SPAC823.08c	Essential
SPAC4H3.10c	Essential
SPAC6F6.05	Essential
SPBC409.05	Essential
SPAC18B11.05	Essential
SPAC18B11.06	Essential
SPAC343.01c	Essential
SPBC1A4.07c	Essential
SPBC14F5.08	Essential
SPBC12D12.03	Essential
SPBC14F5.06	Essential
SPAC26H5.13c	Essential
SPAC1142.04	Essential
SPCC1450.04	Essential
SPBC27B12.13	Essential
SPAC23A1.12c	Essential
SPAPB1E7.03	Essential
SPAC23C11.03	Essential
SPAC13G7.08c	Essential
SPBC365.09c	Essential
SPAC6B12.10c	Essential
SPAPYUG7.05	Essential
SPBC19F5.05c	Essential
SPAC15A10.04c	Essential
SPBC216.07c	Essential
SPBC651.01c	Essential
SPBC26H8.07c	Essential
SPBC646.16	Essential
SPAC144.12	Essential
SPBP35G2.09	Essential
SPAC12G12.05c	Essential
SPBC651.08c	Essential
SPAC57A10.11c	Essential
SPAC3H5.06c	Essential
SPBC577.10	Essential
SPAC6G9.07c	Essential
SPAPB8E5.07c	Essential
SPBC4C3.10c	Essential
SPBC725.13c	Essential
SPBP22H7.07	Essential
SPBC14C8.12	Essential
SPAC3H1.01c	Essential
SPBC1A4.08c	Essential
SPCC1620.09c	Essential
SPBC713.04c	Essential
SPAC1B3.18c	Essential
SPAC4A8.11c	Essential
SPAC227.12	Essential
SPBC11G11.07	Essential
SPCC622.13c	Essential
SPBC11G11.04	Essential
SPBC1289.03c	Essential
SPBC16H5.10c	Essential
SPAC9G1.13c	Essential
SPBC11B10.01	Essential
SPBC1709.02c	Essential
SPBC15D4.04	Essential
SPBC27B12.06	Essential
SPCC24B10.05	Essential
SPBC21C3.05	Essential
SPAC23H3.10	Essential
SPBC887.03c	Essential
SPAC17G8.01c	Essential
SPBC1773.07c	Essential
SPAC959.03c	Essential
SPAC20G8.06	Essential
SPAC20G8.01	Essential
SPAC22A12.13	Essential
SPAC1782.10c	Essential
SPBC1604.21c	Essential
SPAC2F7.05c	Essential
SPAC23G3.09	Essential
SPAC23G3.01	Essential
SPAC22H10.05c	Essential
SPAC23G3.06	Essential
SPCC576.08c	Essential
SPBP22H7.02c	Essential
SPAC29E6.04	Essential
SPAC3A12.04c	Essential
SPAC29E6.02	Essential
SPAC29E6.08	Essential
SPBC29A10.15	Essential
SPBC25B2.09c	Essential
SPBC119.01	Essential
SPAC24C9.11	Essential
SPAC12G12.06c	Essential
SPAC1002.11	Essential
SPBC577.07	Essential
SPCC1235.10c	Essential
SPCC338.17c	Essential
SPAC26A3.15c	Essential
SPBC1198.05	Essential
SPAC1D4.10	Essential
SPAC6F6.07c	Essential
SPCC962.06c	Essential
SPAC3G6.08	Essential
SPCC1281.06c	Essential
SPAC23G3.11	Essential
SPAPB2B4.01c	Essential
SPAC6F12.16c	Essential
SPAC824.06	Essential
SPAC4F8.04	Essential
SPAC2G11.11c	Essential
SPBC4B4.01c	Essential
SPBC3B8.09	Essential
SPAC4F8.14c	Essential
SPAC644.05c	Essential
SPBC365.15	Essential
SPAC644.18c	Essential
SPAC227.02c	Essential
SPBC119.13c	Essential
SPAC22A12.09c	Essential
SPBC17D11.07c	Essential
SPAC1F12.08	Essential
SPAC3F10.03	Essential
SPBC32H8.10	Essential
SPAC22A12.05	Essential
SPBC119.11c	Essential
SPBC3B9.19	Essential
SPBC20F10.04c	Essential
SPAC1A6.02	Essential
SPBC23G7.05	Essential
SPBC1271.04c	Essential
SPAC1B1.03c	Essential
SPAC6B12.11	Essential
SPBC1711.07	Essential
SPAC24C9.03	Essential
SPBC18H10.03	Essential
SPBC83.15	Essential
SPAC13F5.06c	Essential
SPBC1734.01c	Essential
SPBC1A4.06c	Essential
SPAC2E1P5.05	Essential
SPAC1687.11	Essential
SPCC10H11.01	Essential
SPBC4F6.14	Essential
SPAC19A8.09	Essential
SPAC19A8.06	Essential
SPAC26A3.12c	Essential
SPAC4A8.13c	Essential
SPAC23C4.19	Essential
SPAPB8E5.09	Essential
SPAC23C4.10	Essential
SPAC23C4.13	Essential
SPAC23C4.14	Essential
SPAC222.06	Essential
SPAC57A10.05c	Essential
SPAC22E12.07	Essential
SPBC776.13	Essential
SPAC3G9.09c	Essential
SPCC1753.01c	Essential
SPAC1B2.05	Essential
SPBC713.12	Essential
SPBC713.10	Essential
SPBC1709.08	Essential
SPBC25B2.05	Essential
SPAC20H4.01	Essential
SPBP8B7.14c	Essential
SPBC25H2.12c	Essential
SPAC19A8.07c	Essential
SPBC530.16	Essential
SPBC557.03c	Essential
SPCC1450.14c	Essential
SPAC23C4.18c	Essential
SPAC56E4.04c	Essential
SPBC31F10.11c	Essential
SPAC22G7.09c	Essential
SPAC8F11.06	Essential
SPBC31E1.06	Essential
SPBC4F6.07c	Essential
SPAC22F8.06	Essential
SPAC1565.06c	Essential
SPBC26H8.02c	Essential
SPBC14C8.02	Essential
SPAC29E6.06c	Essential
SPBC83.08	Essential
SPAC4A8.12c	Essential
SPCC11E10.02c	Essential
SPBC19C2.15c	Essential
SPAC27D7.07c	Essential
SPBC28F2.12	Essential
SPAC6G10.05c	Essential
SPAC1D4.04	Essential
SPBC29A3.16	Essential
SPAC1D4.08	Essential
SPAC1002.04c	Essential
SPACUNK4.06c	Essential
SPAC16E8.16	Essential
SPAC19A8.13	Essential
SPCC553.09c	Essential
SPBC1685.03	Essential
SPBC115.01c	Essential
SPBC2G5.07c	Essential
SPAC1F7.02c	Essential
SPAC4F8.12c	Essential
SPAC17A5.15c	Essential
SPBC336.09c	Essential
SPBP4H10.21c	Essential
SPCC16A11.06c	Essential
SPBC1734.10c	Essential
SPBC8D2.14c	Essential
SPCC14G10.01	Essential
SPAC23D3.06c	Essential
SPBC20F10.09	Essential
SPAC21E11.06	Essential
SPBC543.06c	Essential
SPAC21E11.08	Essential
SPAC4F10.09c	Essential
SPAC17C9.06	Essential
SPBC1826.01c	Essential
SPCC61.04c	Essential
SPAC27F1.07	Essential
SPAC644.04	Essential
SPBC29A3.06	Essential
SPAC1D4.12	Essential
SPCC584.14	Essential
SPBC119.15	Essential
SPBC2G2.11	Essential
SPBC2G2.12	Essential
SPBC2G2.16	Essential
SPAC4F8.13c	Essential
SPAC2E1P5.04c	Essential
SPAC16E8.03	Essential
SPAC4G8.02c	Essential
SPAC6B12.13	Essential
SPBC16C6.07c	Essential
SPBC17D11.05	Essential
SPBC17D11.06	Essential
SPAC458.07	Essential
SPCC16C4.18c	Essential
SPAC227.16c	Essential
SPAC664.08c	Essential
SPBC1604.05	Essential
SPAC18G6.07c	Essential
SPCC5E4.04	Essential
SPAC2F7.14c	Essential
SPAC13G7.01c	Essential
SPBC3E7.14	Essential
SPCC10H11.02	Essential
SPAC23C4.15	Essential
SPAC17H9.20	Essential
SPAC23H4.06	Essential
SPAC19B12.05c	Essential
SPBC17G9.04c	Essential
SPBC16G5.01	Essential
SPAC664.06	Essential
SPAC6F6.10c	Essential
SPBC30D10.07c	Essential
SPBC4.07c	Essential
SPBC1198.13c	Essential
SPAC57A7.10c	Essential
SPAC890.04c	Essential
SPBC25H2.02	Essential
SPBC337.05c	Essential
SPAC18G6.11c	Essential
SPAC17D4.02	Essential
SPCC18.16c	Essential
SPBC776.08c	Essential
SPAC959.02	Essential
SPCC1020.04c	Essential
SPBC1A4.10c	Essential
SPBP4H10.06c	Essential
SPAC2G11.02	Essential
SPAC1071.01c	Essential
SPAC637.08	Essential
SPCC1795.05c	Essential
SPAC22E12.13c	Essential
SPCC550.04c	Essential
SPBC3F6.04c	Essential
SPBP8B7.15c	Essential
SPBC19C2.08	Essential
SPCC1672.05c	Essential
SPBC19C2.03	Essential
SPAC926.08c	Essential
SPBC19C2.07	Essential
SPBC3B9.07c	Essential
SPAC1486.09	Essential
SPAC1486.05	Essential
SPAPB17E12.07c	Essential
SPCC576.07	Essential
SPBC32F12.04	Essential
SPAC17G6.16c	Essential
SPAC1805.17	Essential
SPBC18E5.12c	Essential
SPAC23H4.18c	Essential
SPBP8B7.20c	Essential
SPBC4.04c	Essential
SPAP27G11.04c	Essential
SPBC25D12.03c	Essential
SPBC646.07c	Essential
SPAC688.02c	Essential
SPAC19G12.14	Essential
SPAC17C9.01c	Essential
SPCC962.03c	Essential
SPBC23E6.07c	Essential
SPBC16A3.09c	Essential
SPAC23H4.15	Essential
SPBC13G1.09	Essential
SPBC3B9.10	Essential
SPBC1709.15c	Essential
SPBC11B10.09	Essential
SPCC63.07	Essential
SPBC660.13c	Essential
SPBC32H8.12c	Essential
SPAC2G11.14	Essential
SPBC1703.02	Essential
SPBC1703.05	Essential
SPAC3A12.16c	Essential
SPBC1105.16c	Essential
SPAC22A12.15c	Essential
SPCC553.11c	Essential
SPAC3G9.10c	Essential
SPBC1709.07	Essential
SPBC1347.10	Essential
SPCC1795.04c	Essential
SPAC3F10.08c	Essential
SPBC4C3.05c	Essential
SPCC16A11.09c	Essential
SPAC22G7.10	Essential
SPCC1739.11c	Essential
SPAC144.09c	Essential
SPCC757.08	Essential
SPBC646.11	Essential
SPCC16C4.19	Essential
SPBC336.04	Essential
SPAC1834.11c	Essential
SPBC30B4.05	Essential
SPAC16E8.11c	Essential
SPBC1773.10c	Essential
SPAC23C11.16	Essential
SPBC27B12.12c	Essential
SPBC30B4.07c	Essential
SPBC16E9.10c	Essential
SPBC106.14c	Essential
SPCC1442.10c	Essential
SPCC4G3.18	Essential
SPBC17A3.01c	Essential
SPBC23E6.04c	Essential
SPBC4B4.05	Essential
SPBC4B4.09	Essential
SPCC1795.11	Essential
SPCC962.02c	Essential
SPBC19F5.02c	Essential
SPAC19B12.01	Essential
SPCC417.08	Essential
SPBC16C6.13c	Essential
SPCC285.03	Essential
SPCC550.13	Essential
SPAC1486.03c	Essential
SPAC29A4.04c	Essential
SPBC23E6.06c	Essential
SPAC10F6.02c	Essential
SPAC17G6.14c	Essential
SPCC1620.01c	Essential
SPCC1183.01	Essential
SPCC1183.07	Essential
SPAC6G10.04c	Essential
SPBC56F2.07c	Essential
SPBC646.05c	Essential
SPAC16C9.03	Essential
SPBC2F12.08c	Essential
SPBC14C8.07c	Essential
SPAC19D5.05c	Essential
SPCC584.05	Essential
SPAC823.04	Essential
SPCC1620.05	Essential
SPCC1682.02c	Essential
SPBC1711.16	Essential
SPBP19A11.03c	Essential
SPBC8D2.06	Essential
SPAC1420.02c	Essential
SPAC6F12.17	Essential
SPBC17G9.03c	Essential
SPBC211.02c	Essential
SPAC29A4.08c	Essential
SPCC338.13	Essential
SPCC338.15	Essential
SPBC685.09	Essential
SPCC290.02	Essential
SPAC30D11.03	Essential
SPBC3B9.02c	Essential
SPBC215.12	Essential
SPCC613.09	Essential
SPBC428.20c	Essential
SPCC576.10c	Essential
SPCC1442.06	Essential
SPAC1565.08	Essential
SPBC409.04c	Essential
SPBC887.19	Essential
SPCC188.03	Essential
SPCC645.10	Essential
SPBC14C8.06	Essential
SPAC31G5.01	Essential
SPAC167.02	Essential
SPAC17H9.05	Essential
SPBC17D1.03c	Essential
SPAC17G8.04c	Essential
SPCC63.11	Essential
SPAC4D7.05	Essential
SPBC16D10.04c	Essential
SPAC4D7.09	Essential
SPAC2C4.12c	Essential
SPBC1105.17	Essential
SPAC1B3.13	Essential
SPBC887.09c	Essential
SPAC9.03c	Essential
SPCC830.11c	Essential
SPBC28F2.09	Essential
SPAC1952.01	Essential
SPAC25G10.08	Essential
SPBC8D2.13	Essential
SPAC4A8.16c	Essential
SPBC1604.06c	Essential
SPCC1906.01	Essential
SPCC320.11c	Essential
SPBC19C2.01	Essential
SPAC821.08c	Essential
SPAC8C9.15c	Essential
SPAC222.09	Essential
SPAC15F9.03c	Essential
SPAC1B3.12c	Essential
SPCC1322.04	Essential
SPCC576.09	Essential
SPAC9E9.07c	Essential
SPCC188.11	Essential
SPCC1672.07	Essential
SPCC1393.06c	Essential
SPBC6B1.07	Essential
SPCC16A11.14	Essential
SPBC146.03c	Essential
SPCC16A11.13	Essential
SPBC12C2.11	Essential
SPBC776.12c	Essential
SPAC1093.05	Essential
SPAC23D3.07	Essential
SPAC959.09c	Essential
SPCC1450.13c	Essential
SPBP18G5.02	Essential
SPBC1A4.03c	Essential
SPAC4D7.13	Essential
SPAC3G9.15c	Essential
SPAC27E2.05	Essential
SPCC553.02	Essential
SPBC646.10c	Essential
SPAPB1A10.04c	Essential
SPAC27F1.09c	Essential
SPAC22F8.10c	Essential
SPCC31H12.07	Essential
SPAC2F7.13c	Essential
SPBC211.08c	Essential
SPAC32A11.04c	Essential
SPAC31G5.13	Essential
SPAC27E2.10c	Essential
SPBC17A3.04c	Essential
SPAC3A12.07	Essential
SPCC18.14c	Essential
SPBC16G5.14c	Essential
SPAC25H1.08c	Essential
SPBC13A2.03	Essential
SPAC20G4.06c	Essential
SPAC18G6.06	Essential
SPAC1071.10c	Essential
SPBC1289.07c	Essential
SPBC13E7.10c	Essential
SPCC1672.08c	Essential
SPCC63.05	Essential
SPAC17A5.06	Essential
SPBC24C6.02	Essential
SPCC320.09	Essential
SPCC16A11.02	Essential
SPCC1494.02c	Essential
SPBC3F6.02c	Essential
SPBC3D6.12	Essential
SPBC21.04	Essential
SPCC18.07	Essential
SPCC74.01	Essential
SPAP8A3.08	Essential
SPAC637.12c	Essential
SPBC146.14c	Essential
SPAC2C4.03c	Essential
SPBC19G7.13	Essential
SPCC830.05c	Essential
SPAC3G9.06	Essential
SPCC16A11.05c	Essential
SPAC56F8.11	Essential
SPBC26H8.10	Essential
SPAC22H10.12c	Essential
SPBC13G1.11	Essential
SPCC70.07c	Essential
SPAC57A7.06	Essential
SPAC22F8.08	Essential
SPBC25H2.07	Essential
SPCC330.13	Essential
SPCC290.03c	Essential
SPAP27G11.13c	Essential
SPAC664.11	Essential
SPBP23A10.08	Essential
SPBP23A10.09	Essential
SPBP23A10.07	Essential
SPBP23A10.04	Essential
SPBC1861.04c	Essential
SPCC550.06c	Essential
SPAC3A12.14	Essential
SPBC13E7.05	Essential
SPBC13E7.01	Essential
SPBC13E7.02	Essential
SPAC1556.07	Essential
SPCC306.03c	Essential
SPAC6G9.02c	Essential
SPBC11C11.03	Essential
SPCC970.09	Essential
SPBC11C11.05	Essential
SPCC970.03	Essential
SPCC830.09c	Essential
SPBC31F10.04c	Essential
SPBC16C6.12c	Essential
SPCC1494.06c	Essential
SPBC1711.17	Essential
SPBC21H7.05	Essential
SPBC21H7.02	Essential
SPBC215.15	Essential
SPCC1919.14c	Essential
SPCC1682.04	Essential
SPBC28E12.05	Essential
SPAC6F12.15c	Essential
SPCC1020.02	Essential
SPCC18.05c	Essential
SPAP27G11.03	Essential
SPBC3D6.07	Essential
SPAC17A2.04c	Essential
SPBC30D10.06	Essential
SPAC227.08c	Essential
SPAC343.14c	Essential
SPBC582.07c	Essential
SPCC330.09	Essential
SPBC12C2.06	Essential
SPBP8B7.19	Essential
SPAC26F1.13c	Essential
SPAC29A4.15	Essential
SPAC23C11.09	Essential
SPCC737.08	Essential
SPBC800.06	Essential
SPBC16D10.09	Essential
SPBC336.07	Essential
SPBC336.02	Essential
SPAC31G5.16c	Essential
SPAC1687.03c	Essential
SPAPB1A10.06c	Essential
SPCC63.12c	Essential
SPAC10F6.10	Essential
SPAC1687.01	Essential
SPBC13G1.01c	Essential
SPCC1827.05c	Essential
SPBC19G7.15	Essential
SPBP23A10.13	Essential
SPAC31A2.07c	Essential
SPBC244.02c	Essential
SPAC144.10c	Essential
SPBC1718.05	Essential
SPAC6F12.14	Essential
SPBC342.02	Essential
SPBC19C7.07c	Essential
SPAC23D3.02	Essential
SPBC646.14c	Essential
SPBP16F5.02	Essential
SPAC6F12.13c	Essential
SPBC1604.15	Essential
SPAC3A11.12c	Essential
SPBC428.13c	Essential
SPBC9B6.05c	Essential
SPBC106.15	Essential
SPCC1682.10	Essential
SPCC895.04c	Essential
SPCC830.03	Essential
SPAP14E8.03	Essential
SPAC4G9.08c	Essential
SPAC17G6.09	Essential
SPCC584.04	Essential
SPAC13F5.02c	Essential
SPBC211.04c	Essential
SPCC1620.11	Essential
SPBC776.18c	Essential
SPBC30D10.15	Essential
SPBC31E1.05	Essential
SPAC222.11	Essential
SPBC18E5.02c	Essential
SPBC19C7.06	Essential
SPAPJ698.03c	Essential
SPBC11G11.06c	Essential
SPCC1259.06	Essential
SPAC13G6.11c	Essential
SPBC25H2.13c	Essential
SPCC1450.15	Essential
SPAC25B8.16	Essential
SPBC1271.02	Essential
SPAPB1E7.10	Essential
SPAC1834.06c	Essential
SPAC27F1.04c	Essential
SPAC17G8.03c	Essential
SPCC1827.01c	Essential
SPCC4B3.18	Essential
SPAC144.16	Essential
SPBC646.04	Essential
SPAC323.02c	Essential
SPBC15C4.03	Essential
SPBC4F6.13c	Essential
SPCC5E4.03c	Essential
SPBC660.15	Essential
SPAC458.03	Essential
SPBP19A11.04c	Essential
SPAC1834.01	Essential
SPAC31A2.04c	Essential
SPBC36.09	Essential
SPBC31F10.06c	Essential
SPAC824.09c	Non essential
SPBC106.03	Non essential
SPCC830.10	Non essential
SPBC25B2.01	Non essential
SPAC26A3.17c	Non essential
SPAP32A8.03c	Non essential
SPAC4H3.07c	Non essential
SPAC24B11.05	Non essential
SPBC17A3.10	Non essential
SPAC24B11.09	Non essential
SPBC17D1.02	Non essential
SPCC622.12c	Non essential
SPAPB24D3.04c	Non essential
SPAC26A3.11	Non essential
SPAC664.03	Non essential
SPAC13C5.01c	Non essential
SPBC1773.03c	Non essential
SPBC106.04	Non essential
SPAC17A2.02c	Non essential
SPBC17A3.09c	Non essential
SPAC144.17c	Non essential
SPAC17C9.08	Non essential
SPAC1805.16c	Non essential
SPAC17C9.07	Non essential
SPAC23D3.13c	Non essential
SPAC20G4.07c	Non essential
SPBC582.05c	Non essential
SPAC9.09	Non essential
SPAC9.05	Non essential
SPAC227.13c	Non essential
SPAC227.05	Non essential
SPAC227.06	Non essential
SPBC56F2.08c	Non essential
SPAC20G8.04c	Non essential
SPBC23E6.10c	Non essential
SPAC16.03c	Non essential
SPAC6F6.01	Non essential
SPAC630.10	Non essential
SPAC4D7.08c	Non essential
SPAC6F6.09	Non essential
SPAPB8E5.04c	Non essential
SPBC12D12.06	Non essential
SPBC27B12.09c	Non essential
SPBP8B7.24c	Non essential
SPAC22G7.01c	Non essential
SPBC14F5.07	Non essential
SPAC1142.01	Non essential
SPAC1142.06	Non essential
SPCC63.08c	Non essential
SPBC18H10.04c	Non essential
SPBC26H8.03	Non essential
SPAC11G7.03	Non essential
SPBC354.05c	Non essential
SPBC21C3.13	Non essential
SPAC664.12c	Non essential
SPAPB1E7.07	Non essential
SPAC24B11.06c	Non essential
SPCC1322.12c	Non essential
SPBC16D10.01c	Non essential
SPAC1B2.04	Non essential
SPBC776.14	Non essential
SPBC776.06c	Non essential
SPCC1827.07c	Non essential
SPBC1198.11c	Non essential
SPAC2E12.03c	Non essential
SPBC4C3.12	Non essential
SPAC29A4.20	Non essential
SPACUNK4.12c	Non essential
SPAC10F6.08c	Non essential
SPBP35G2.07	Non essential
SPAC7D4.04	Non essential
SPBC1734.12c	Non essential
SPBC13E7.03c	Non essential
SPAC20G4.01	Non essential
SPBC31F10.10c	Non essential
SPAC27F1.03c	Non essential
SPAC4G8.05	Non essential
SPAP27G11.10c	Non essential
SPAC4F10.05c	Non essential
SPBC887.01	Non essential
SPAC1687.09	Non essential
SPAC26H5.03	Non essential
SPAC26H5.05	Non essential
SPBC106.02c	Non essential
SPAC328.01c	Non essential
SPAC1002.01	Non essential
SPBC577.12	Non essential
SPBC577.13	Non essential
SPAC6G10.08	Non essential
SPCC31H12.08c	Non essential
SPBC8D2.12c	Non essential
SPBC3B8.04c	Non essential
SPBP22H7.06	Non essential
SPBP4H10.20	Non essential
SPBC1347.06c	Non essential
SPAC16C9.02c	Non essential
SPAC12B10.05	Non essential
SPCP1E11.04c	Non essential
SPAC12B10.07	Non essential
SPAC19G12.15c	Non essential
SPAC26F1.10c	Non essential
SPBC1773.02c	Non essential
SPBC839.04	Non essential
SPBC839.07	Non essential
SPBC29A3.09c	Non essential
SPBC1773.01	Non essential
SPAC222.05c	Non essential
SPAC30C2.02	Non essential
SPAC227.18	Non essential
SPAC328.07c	Non essential
SPCC1223.01	Non essential
SPAC227.10	Non essential
SPAC22F3.10c	Non essential
SPBC11G11.03	Non essential
SPAC17H9.13c	Non essential
SPAC4F8.11	Non essential
SPCC895.06	Non essential
SPAC4G8.11c	Non essential
SPBC11B10.02c	Non essential
SPAC3F10.17	Non essential
SPBC1347.13c	Non essential
SPCC285.13c	Non essential
SPAC12B10.01c	Non essential
SPBC15D4.06	Non essential
SPBC15D4.05	Non essential
SPCC330.01c	Non essential
SPAC806.07	Non essential
SPBC3B9.09	Non essential
SPBC27B12.08	Non essential
SPBC2G5.04c	Non essential
SPCC24B10.07	Non essential
SPAC15A10.16	Non essential
SPCC74.04	Non essential
SPBC21C3.03	Non essential
SPAC22H10.03c	Non essential
SPAC23H3.14	Non essential
SPBC16D10.08c	Non essential
SPAC22A12.10	Non essential
SPCC320.04c	Non essential
SPAC56F8.09	Non essential
SPAC1687.16c	Non essential
SPAC31F12.01	Non essential
SPAC12G12.11c	Non essential
SPBC6B1.05c	Non essential
SPAC1A6.10	Non essential
SPAC4F10.19c	Non essential
SPAC13A11.04c	Non essential
SPAC29E6.10c	Non essential
SPAC24B11.12c	Non essential
SPAC3A12.08	Non essential
SPAC23A1.03	Non essential
SPAPB1A10.12c	Non essential
SPBP35G2.12	Non essential
SPAPB17E12.08	Non essential
SPAC57A10.10c	Non essential
SPBC342.01c	Non essential
SPAC20H4.10	Non essential
SPCC306.08c	Non essential
SPAC32A11.01	Non essential
SPAC4A8.07c	Non essential
SPAC694.04c	Non essential
SPBC21H7.04	Non essential
SPAC17A5.09c	Non essential
SPAC56E4.06c	Non essential
SPBC17G9.08c	Non essential
SPAC7D4.06c	Non essential
SPAC589.07c	Non essential
SPBC4F6.06	Non essential
SPBC30D10.03c	Non essential
SPBC4F6.09	Non essential
SPBC29A10.12	Non essential
SPBC29A10.13	Non essential
SPAC26H5.11	Non essential
SPAC23C4.09c	Non essential
SPCC13B11.04c	Non essential
SPCC74.03c	Non essential
SPAC24C9.14	Non essential
SPAC1002.14	Non essential
SPBC577.02	Non essential
SPBC776.01	Non essential
SPAC2F3.05c	Non essential
SPCC825.04c	Non essential
SPBC1198.08	Non essential
SPAC17H9.12c	Non essential
SPAC6B12.09	Non essential
SPAC3A11.13	Non essential
SPBC2G2.15c	Non essential
SPAC31A2.15c	Non essential
SPAC1D4.13	Non essential
SPAC589.09	Non essential
SPBC16A3.02c	Non essential
SPAC9E9.12c	Non essential
SPCC18.01c	Non essential
SPBC3D6.06c	Non essential
SPBC2A9.04c	Non essential
SPAC458.02c	Non essential
SPBC21C3.01c	Non essential
SPCC1259.03	Non essential
SPAC1F5.09c	Non essential
SPAC22A12.07c	Non essential
SPAC824.07	Non essential
SPAC824.02	Non essential
SPAC824.08	Non essential
SPBC530.09c	Non essential
SPCC1494.04c	Non essential
SPAC1952.17c	Non essential
SPAC1751.01c	Non essential
SPAC2E1P5.01c	Non essential
SPAC1782.11	Non essential
SPCC285.17	Non essential
SPCC285.11	Non essential
SPAPB1A10.07c	Non essential
SPAC13G6.01c	Non essential
SPAPJ760.02c	Non essential
SPAC8C9.16c	Non essential
SPAC31G5.12c	Non essential
SPCC24B10.17	Non essential
SPCC24B10.15	Non essential
SPCC24B10.13	Non essential
SPCC24B10.12	Non essential
SPBC21H7.06c	Non essential
SPAC22G7.06c	Non essential
SPAC22H12.04c	Non essential
SPAC1F12.05	Non essential
SPCC1494.07	Non essential
SPAC23H3.06	Non essential
SPBC1604.04	Non essential
SPAC3F10.09	Non essential
SPBC13E7.09	Non essential
SPAC521.04c	Non essential
SPCC584.01c	Non essential
SPAC2H10.01	Non essential
SPBC3E7.11c	Non essential
SPBC1709.14	Non essential
SPAC15E1.09	Non essential
SPAC13D6.04c	Non essential
SPAC15E1.06	Non essential
SPAC823.13c	Non essential
SPAC31A2.09c	Non essential
SPBC25B2.11	Non essential
SPAC23D3.10c	Non essential
SPBC16D10.11c	Non essential
SPBC947.02	Non essential
SPAC10F6.04	Non essential
SPAC29A4.02c	Non essential
SPAC3G6.03c	Non essential
SPAC23A1.17	Non essential
SPAC23H3.05c	Non essential
SPAC521.03	Non essential
SPAP11E10.01	Non essential
SPAC2F7.08c	Non essential
SPBC530.01	Non essential
SPAC2F7.16c	Non essential
SPBC530.08	Non essential
SPBC16G5.05c	Non essential
SPCC1753.02c	Non essential
SPBC800.10c	Non essential
SPAC2E1P3.01	Non essential
SPBC30D10.13c	Non essential
SPAC16E8.14c	Non essential
SPBC1711.08	Non essential
SPBC1711.04	Non essential
SPBP16F5.04	Non essential
SPBC543.08	Non essential
SPCP25A2.02c	Non essential
SPAC8C9.14	Non essential
SPAC1783.02c	Non essential
SPAC1687.17c	Non essential
SPAC1002.07c	Non essential
SPBC29A10.07	Non essential
SPBC1711.03	Non essential
SPBC29A10.05	Non essential
SPAC6F6.13c	Non essential
SPAC6F6.06c	Non essential
SPAC24C9.08	Non essential
SPBC16C6.05	Non essential
SPBC1D7.03	Non essential
SPAC11D3.15	Non essential
SPBC83.17	Non essential
SPBC83.11	Non essential
SPBC83.13	Non essential
SPBC839.11c	Non essential
SPAC23H3.12c	Non essential
SPAC19D5.07	Non essential
SPBC23G7.15c	Non essential
SPBP4H10.03	Non essential
SPAC24C9.12c	Non essential
SPBP4H10.09	Non essential
SPBC28F2.03	Non essential
SPBC28F2.02	Non essential
SPAC2E1P5.03	Non essential
SPBC4F6.10	Non essential
SPAC167.07c	Non essential
SPAC18G6.05c	Non essential
SPAPB2B4.06	Non essential
SPAC1805.09c	Non essential
SPAPB1E7.05	Non essential
SPAC5H10.02c	Non essential
SPAC227.03c	Non essential
SPBC36B7.05c	Non essential
SPCC18.10	Non essential
SPAC13A11.01c	Non essential
SPAC19A8.08	Non essential
SPBC1734.11	Non essential
SPBC1734.13	Non essential
SPAC19A8.03	Non essential
SPAC19A8.02	Non essential
SPAC1D4.02c	Non essential
SPBC21.05c	Non essential
SPBC215.01	Non essential
SPAC17A2.14	Non essential
SPAC23C4.11	Non essential
SPAC23C4.17	Non essential
SPAC688.10	Non essential
SPAC688.13	Non essential
SPAC688.14	Non essential
SPAC3G9.07c	Non essential
SPAC22E12.11c	Non essential
SPBC428.02c	Non essential
SPBC365.04c	Non essential
SPAC9E9.09c	Non essential
SPAC1782.01	Non essential
SPAC1782.05	Non essential
SPAC1782.07	Non essential
SPBC24C6.11	Non essential
SPBC691.03c	Non essential
SPAC1006.05c	Non essential
SPAC13D6.03c	Non essential
SPAC56F8.06c	Non essential
SPBC216.04c	Non essential
SPBC1604.20c	Non essential
SPAC10F6.12c	Non essential
SPAC9.12c	Non essential
SPCC24B10.22	Non essential
SPCC584.15c	Non essential
SPAC22A12.06c	Non essential
SPAC2G11.10c	Non essential
SPBC1861.07	Non essential
SPAC26H5.07c	Non essential
SPAC20G8.07c	Non essential
SPBC3H7.06c	Non essential
SPBC1685.09	Non essential
SPBC16E9.13	Non essential
SPBC1709.06	Non essential
SPAC24H6.10c	Non essential
SPBC1709.05	Non essential
SPBC16E9.18	Non essential
SPCC126.04c	Non essential
SPAC2C4.15c	Non essential
SPAC20H4.02	Non essential
SPCC1442.16c	Non essential
SPAC9G1.06c	Non essential
SPAC24B11.10c	Non essential
SPBC32F12.05c	Non essential
SPBC25D12.05	Non essential
SPAC4D7.02c	Non essential
SPAC6B12.06c	Non essential
SPAC22H12.05c	Non essential
SPBC32F12.12c	Non essential
SPBC1734.07c	Non essential
SPAC823.05c	Non essential
SPAC23H3.13c	Non essential
SPBC32H8.07	Non essential
SPBC651.05c	Non essential
SPBC32H8.03	Non essential
SPAC18G6.01c	Non essential
SPAC821.13c	Non essential
SPAC8C9.05	Non essential
SPAC7D4.05	Non essential
SPAC3F10.10c	Non essential
SPCC584.03c	Non essential
SPAC23H4.17c	Non essential
SPBC14C8.03	Non essential
SPBC14C8.04	Non essential
SPAC644.15	Non essential
SPAC23C11.04c	Non essential
SPCC1223.04c	Non essential
SPAC1A6.01c	Non essential
SPAC3H8.07c	Non essential
SPBC83.09c	Non essential
SPAC19G12.09	Non essential
SPCC1620.14c	Non essential
SPAC1D4.03c	Non essential
SPBC12C2.05c	Non essential
SPAC20G4.05c	Non essential
SPBP4H10.12	Non essential
SPAC1805.03c	Non essential
SPAC1B3.04c	Non essential
SPAC25B8.10	Non essential
SPCC622.16c	Non essential
SPBC29A3.18	Non essential
SPAC6G9.14	Non essential
SPAC22E12.01	Non essential
SPAC6G9.12	Non essential
SPBC16E9.03c	Non essential
SPCC285.09c	Non essential
SPAC694.06c	Non essential
SPBC32H8.01c	Non essential
SPAC29B12.05c	Non essential
SPAC589.12	Non essential
SPAC19B12.11c	Non essential
SPAC20H4.05c	Non essential
SPBC16H5.06	Non essential
SPCC24B10.08c	Non essential
SPBC21C3.16c	Non essential
SPAC19A8.14	Non essential
SPBC1734.04	Non essential
SPBC12C2.08	Non essential
SPBC13A2.04c	Non essential
SPAC22E12.04	Non essential
SPCC1281.07c	Non essential
SPAC222.08c	Non essential
SPAC22E12.05c	Non essential
SPCC11E10.07c	Non essential
SPAC4H3.05	Non essential
SPAC1071.02	Non essential
SPAC1071.08	Non essential
SPAC23C4.02	Non essential
SPAC1556.03	Non essential
SPAC25B8.08	Non essential
SPAC1952.08c	Non essential
SPCC1919.03c	Non essential
SPAC328.09	Non essential
SPCC1672.03c	Non essential
SPCC1020.05	Non essential
SPAC30.04c	Non essential
SPCC1020.03	Non essential
SPBC1539.03c	Non essential
SPAP8A3.07c	Non essential
SPCC1020.08	Non essential
SPBC530.15c	Non essential
SPBC1683.09c	Non essential
SPBC1604.09c	Non essential
SPAC5H10.08c	Non essential
SPAC1F12.02c	Non essential
SPAC664.07c	Non essential
SPAC56E4.03	Non essential
SPBC4F6.08c	Non essential
SPBC8E4.01c	Non essential
SPBC418.01c	Non essential
SPBC19C2.13c	Non essential
SPCC338.11c	Non essential
SPAC1F3.04c	Non essential
SPBC713.03	Non essential
SPBC1347.07	Non essential
SPBC1347.02	Non essential
SPAC13D6.02c	Non essential
SPCC1795.10c	Non essential
SPAC3F10.11c	Non essential
SPAC806.04c	Non essential
SPAC12G12.03	Non essential
SPAC15E1.05c	Non essential
SPAC29E6.05c	Non essential
SPBC3H7.03c	Non essential
SPBC215.06c	Non essential
SPAC3A11.09	Non essential
SPAC12G12.01c	Non essential
SPAC22E12.19	Non essential
SPAC4F10.14c	Non essential
SPAC26A3.16	Non essential
SPAC110.01	Non essential
SPBC365.12c	Non essential
SPCC23B6.01c	Non essential
SPBC19C7.12c	Non essential
SPBC3H7.07c	Non essential
SPAC13G7.02c	Non essential
SPAC24H6.11c	Non essential
SPAC27F1.08	Non essential
SPBC14C8.17c	Non essential
SPBC215.08c	Non essential
SPBC30D10.05c	Non essential
SPBC646.12c	Non essential
SPBC685.07c	Non essential
SPCC622.08c	Non essential
SPCC4G3.09c	Non essential
SPBC16E9.02c	Non essential
SPBC14C8.15	Non essential
SPAC644.09	Non essential
SPAC644.08	Non essential
SPAC644.07	Non essential
SPBC1539.04	Non essential
SPCC1281.03c	Non essential
SPAC22F3.03c	Non essential
SPBC691.05c	Non essential
SPBC25B2.04c	Non essential
SPAC15A10.11	Non essential
SPAC15A10.13	Non essential
SPBC21C3.09c	Non essential
SPAC4F10.02	Non essential
SPAC26H5.02c	Non essential
SPCC126.09	Non essential
SPAC4F10.06	Non essential
SPBC25H2.14	Non essential
SPCC663.04	Non essential
SPCC4B3.07	Non essential
SPBC428.11	Non essential
SPAC27D7.13c	Non essential
SPBC428.15	Non essential
SPBC428.14	Non essential
SPAC16C9.06c	Non essential
SPBC29A3.05	Non essential
SPBC29A3.08	Non essential
SPBC119.10	Non essential
SPBC119.14	Non essential
SPBC119.16c	Non essential
SPAC6G9.08	Non essential
SPBC4B4.10c	Non essential
SPCC1223.06	Non essential
SPBC839.05c	Non essential
SPBC947.08c	Non essential
SPAC105.02c	Non essential
SPAC23C11.06c	Non essential
SPAC1782.02c	Non essential
SPAPJ696.02	Non essential
SPBC21B10.03c	Non essential
SPBC3B9.06c	Non essential
SPBPB2B2.06c	Non essential
SPCC1259.10	Non essential
SPBC1685.13	Non essential
SPBC1685.10	Non essential
SPBC27B12.11c	Non essential
SPBC30B4.02c	Non essential
SPBC23E6.05	Non essential
SPAC1805.02c	Non essential
SPBC23E6.02	Non essential
SPAC31A2.14	Non essential
SPAC144.13c	Non essential
SPAC13F5.01c	Non essential
SPAC458.06	Non essential
SPBC17D11.08	Non essential
SPAC823.10c	Non essential
SPBC651.02	Non essential
SPAC9.07c	Non essential
SPCC1442.14c	Non essential
SPAC869.05c	Non essential
SPCC1827.02c	Non essential
SPAC11E3.15	Non essential
SPAC11E3.14	Non essential
SPBC19F5.01c	Non essential
SPCC576.13	Non essential
SPCC576.11	Non essential
SPCC576.14	Non essential
SPAC24H6.07	Non essential
SPBC4B4.07c	Non essential
SPAC26A3.07c	Non essential
SPBC354.01	Non essential
SPCC61.03	Non essential
SPAPYUG7.03c	Non essential
SPAC56F8.08	Non essential
SPBC582.09	Non essential
SPBC582.08	Non essential
SPBC1271.14	Non essential
SPCC1259.05c	Non essential
SPAC688.03c	Non essential
SPAC5H10.09c	Non essential
SPAC3F10.06c	Non essential
SPCC126.02c	Non essential
SPAC1687.12c	Non essential
SPAC56F8.02	Non essential
SPBC25B2.03	Non essential
SPCC1919.05	Non essential
SPAC4H3.04c	Non essential
SPAPYUG7.04c	Non essential
SPAC25G10.06	Non essential
SPBC21D10.09c	Non essential
SPCC970.10c	Non essential
SPAC12G12.15	Non essential
SPAPB17E12.14c	Non essential
SPAPB1A10.15	Non essential
SPCC663.13c	Non essential
SPAC16.05c	Non essential
SPAC57A10.09c	Non essential
SPBC25H2.10c	Non essential
SPBP35G2.08c	Non essential
SPAC19A8.05c	Non essential
SPAC26A3.06	Non essential
SPCC1827.04	Non essential
SPAC13G6.08	Non essential
SPAC29B12.12	Non essential
SPAC13G6.03	Non essential
SPCC1450.16c	Non essential
SPAC13G6.04	Non essential
SPAC23H4.08	Non essential
SPBC16G5.09	Non essential
SPCC16A11.16c	Non essential
SPBC21C3.15c	Non essential
SPBC800.04c	Non essential
SPAC11G7.05c	Non essential
SPBC31E1.01c	Non essential
SPBC691.04	Non essential
SPBC215.07c	Non essential
SPAC19B12.08	Non essential
SPAC23A1.02c	Non essential
SPAC16E8.17c	Non essential
SPCC830.08c	Non essential
SPAC15A10.06	Non essential
SPAC3C7.12	Non essential
SPAC16A10.04	Non essential
SPBC2A9.05c	Non essential
SPBC21B10.09	Non essential
SPAC57A10.07	Non essential
SPBC25H2.03	Non essential
SPCC663.10	Non essential
SPCC4B3.13	Non essential
SPAC607.09c	Non essential
SPAC1805.01c	Non essential
SPBC1A4.09	Non essential
SPAC8E11.03c	Non essential
SPBC8D2.02c	Non essential
SPBC947.15c	Non essential
SPAC1B3.02c	Non essential
SPBC119.08	Non essential
SPAC3A11.06	Non essential
SPAC3A11.02	Non essential
SPAC3A11.03	Non essential
SPCC306.02c	Non essential
SPCC4G3.17	Non essential
SPAC3A12.17c	Non essential
SPCC4F11.02	Non essential
SPAC17D4.01	Non essential
SPBC29B5.01	Non essential
SPBC2G2.02	Non essential
SPBC17A3.06	Non essential
SPBC17A3.08	Non essential
SPBC649.03	Non essential
SPBC24C6.10c	Non essential
SPAC959.08	Non essential
SPCC5E4.05c	Non essential
SPAC4G9.16c	Non essential
SPBC28E12.06c	Non essential
SPBC1306.02	Non essential
SPAC20H4.03c	Non essential
SPBC17A3.03c	Non essential
SPAC823.03	Non essential
SPAC2C4.06c	Non essential
SPAC2G11.06	Non essential
SPCPB16A4.03c	Non essential
SPBC19G7.08c	Non essential
SPBC1652.01	Non essential
SPAC821.06	Non essential
SPAC1783.07c	Non essential
SPAC821.09	Non essential
SPCC1529.01	Non essential
SPBC1703.12	Non essential
SPCC965.06	Non essential
SPAC2G11.15c	Non essential
SPAC1F5.08c	Non essential
SPCC569.05c	Non essential
SPBC1778.03c	Non essential
SPAC4F8.10c	Non essential
SPAC23G3.05c	Non essential
SPCC576.04	Non essential
SPBC13E7.08c	Non essential
SPBC651.09c	Non essential
SPAC8C9.12c	Non essential
SPAC3G6.11	Non essential
SPBC17A3.05c	Non essential
SPAC57A10.08c	Non essential
SPAC6G9.03c	Non essential
SPAC11D3.05	Non essential
SPAC1556.01c	Non essential
SPAC6B12.05c	Non essential
SPBC25H2.11c	Non essential
SPBC2D10.16	Non essential
SPBC2D10.12	Non essential
SPBC1105.15c	Non essential
SPBC354.14c	Non essential
SPAC22A12.14c	Non essential
SPBP4H10.05c	Non essential
SPAC1B2.02c	Non essential
SPCC962.04	Non essential
SPAC869.02c	Non essential
SPAC19A8.11c	Non essential
SPBC16D10.02	Non essential
SPAC17C9.09c	Non essential
SPAPJ696.01c	Non essential
SPAC23H3.09c	Non essential
SPBC3E7.09	Non essential
SPBC3E7.01	Non essential
SPBC1703.13c	Non essential
SPBC119.07	Non essential
SPBC31F10.03	Non essential
SPCC23B6.03c	Non essential
SPAC13G6.14	Non essential
SPAC19G12.11	Non essential
SPAC1687.13c	Non essential
SPBC24C6.08c	Non essential
SPAC23H4.10c	Non essential
SPAC2H10.02c	Non essential
SPBC21B10.13c	Non essential
SPAC4F10.07c	Non essential
SPAC26F1.07	Non essential
SPBC3E7.10	Non essential
SPBC16C6.06	Non essential
SPAC8E11.02c	Non essential
SPCC132.04c	Non essential
SPAC6F6.02c	Non essential
SPAC1002.03c	Non essential
SPAC30D11.06c	Non essential
SPAC3H5.07	Non essential
SPBC17G9.07	Non essential
SPAC29B12.06c	Non essential
SPAC821.07c	Non essential
SPAC23H4.12	Non essential
SPAC23H4.14	Non essential
SPAC2F7.10	Non essential
SPAC13G7.05	Non essential
SPAC13G7.06	Non essential
SPBC31F10.14c	Non essential
SPCC830.07c	Non essential
SPBC902.05c	Non essential
SPAC27D7.06	Non essential
SPAC17G8.08c	Non essential
SPCC4G3.02	Non essential
SPCC1020.06c	Non essential
SPAC13G6.06c	Non essential
SPAC25B8.04c	Non essential
SPCC1672.04c	Non essential
SPCC63.06	Non essential
SPAC139.02c	Non essential
SPAC823.14	Non essential
SPCC4G3.05c	Non essential
SPAC4A8.04	Non essential
SPAC1783.06c	Non essential
SPAC2G11.12	Non essential
SPBC27.06c	Non essential
SPAC24C9.02c	Non essential
SPCC1020.11c	Non essential
SPBC17G9.12c	Non essential
SPAC6F6.11c	Non essential
SPAC821.11	Non essential
SPBP8B7.18c	Non essential
SPBC1703.06	Non essential
SPBC3H7.09	Non essential
SPBC9B6.03	Non essential
SPBC15C4.01c	Non essential
SPCC736.15	Non essential
SPAC323.04	Non essential
SPAC26H5.09c	Non essential
SPBC428.06c	Non essential
SPBC56F2.11	Non essential
SPBC16C6.03c	Non essential
SPAC2G11.03c	Non essential
SPBC2G5.02c	Non essential
SPBC336.13c	Non essential
SPBC4F6.11c	Non essential
SPBC16A3.10	Non essential
SPAC9E9.03	Non essential
SPAC9E9.04	Non essential
SPBC887.05c	Non essential
SPAC2C4.07c	Non essential
SPAC1783.05	Non essential
SPAC26A3.09c	Non essential
SPAC3G6.01	Non essential
SPAC644.13c	Non essential
SPAC3G6.04	Non essential
SPBC17F3.01c	Non essential
SPAC25A8.03c	Non essential
SPAC25B8.19c	Non essential
SPCC777.13	Non essential
SPCC777.15	Non essential
SPAC1805.04	Non essential
SPAC1851.03	Non essential
SPAC1851.02	Non essential
SPBC337.16	Non essential
SPBC29A3.14c	Non essential
SPBC1105.18c	Non essential
SPACUNK12.02c	Non essential
SPBC27B12.10c	Non essential
SPBC1683.11c	Non essential
SPAC19E9.02	Non essential
SPAC19E9.03	Non essential
SPAC664.04c	Non essential
SPBC13G1.08c	Non essential
SPBC3E7.07c	Non essential
SPAC1F7.10	Non essential
SPAC4F10.04	Non essential
SPAC6G9.09c	Non essential
SPBC2D10.09	Non essential
SPAC10F6.01c	Non essential
SPBC25H2.16c	Non essential
SPBC2D10.04	Non essential
SPBC2D10.05	Non essential
SPBC409.07c	Non essential
SPBC839.14c	Non essential
SPAC57A10.02	Non essential
SPAC15A10.05c	Non essential
SPAC19G12.05	Non essential
SPAC19G12.04	Non essential
SPAC139.06	Non essential
SPAC16.01	Non essential
SPAC521.02	Non essential
SPAC23H3.08c	Non essential
SPAC16.04	Non essential
SPCC126.07c	Non essential
SPAC22F3.06c	Non essential
SPAC1F7.09c	Non essential
SPBC25H2.09	Non essential
SPBC216.03	Non essential
SPBC216.02	Non essential
SPAC1A6.05c	Non essential
SPAC890.07c	Non essential
SPCC825.02	Non essential
SPAC631.02	Non essential
SPCC1393.09c	Non essential
SPBC31F10.12	Non essential
SPAC23G3.12c	Non essential
SPAC3G6.06c	Non essential
SPBC1703.14c	Non essential
SPBC947.10	Non essential
SPBC19C7.11	Non essential
SPAC1039.05c	Non essential
SPCC895.09c	Non essential
SPCC16C4.12	Non essential
SPCC16C4.11	Non essential
SPBC337.07c	Non essential
SPCP31B10.03c	Non essential
SPCC4B3.03c	Non essential
SPBC21H7.07c	Non essential
SPBC1539.10	Non essential
SPAC1705.02	Non essential
SPCC162.06c	Non essential
SPAC29B12.04	Non essential
SPCC613.10	Non essential
SPCC757.07c	Non essential
SPBC685.04c	Non essential
SPBC215.02	Non essential
SPCC1840.09	Non essential
SPBC17G9.02c	Non essential
SPAC1142.07c	Non essential
SPCC1840.04	Non essential
SPCC1840.06	Non essential
SPBC4B4.06	Non essential
SPBC4B4.04	Non essential
SPCC11E10.05c	Non essential
SPBC887.04c	Non essential
SPAC17H9.09c	Non essential
SPCC550.15c	Non essential
SPBC4B4.02c	Non essential
SPCP31B10.02	Non essential
SPBC15D4.09c	Non essential
SPAC13C5.03	Non essential
SPAC13C5.07	Non essential
SPAC13C5.04	Non essential
SPBC3H7.13	Non essential
SPAC11E3.11c	Non essential
SPBPB2B2.12c	Non essential
SPAC13G6.07c	Non essential
SPCC1235.05c	Non essential
SPAC4G9.13c	Non essential
SPBC56F2.02	Non essential
SPBC365.02c	Non essential
SPCC550.14	Non essential
SPCC550.12	Non essential
SPCC550.11	Non essential
SPCC4G3.04c	Non essential
SPAC3H5.09c	Non essential
SPBC16A3.06	Non essential
SPCC757.09c	Non essential
SPAC9E9.11	Non essential
SPBC16A3.01	Non essential
SPCC126.10	Non essential
SPAPJ691.03	Non essential
SPAPJ691.02	Non essential
SPBC543.09	Non essential
SPBC3E7.06c	Non essential
SPBC543.07	Non essential
SPAC767.01c	Non essential
SPBC21D10.12	Non essential
SPBC30D10.16	Non essential
SPAC26F1.08c	Non essential
SPAC12B10.06c	Non essential
SPCC1795.02c	Non essential
SPBC337.09	Non essential
SPAC1F3.03	Non essential
SPBC28F2.10c	Non essential
SPBC337.04	Non essential
SPAP14E8.02	Non essential
SPAC17G6.15c	Non essential
SPBC216.06c	Non essential
SPAC22A12.01c	Non essential
SPAC4G9.15	Non essential
SPBC3E7.08c	Non essential
SPBC776.15c	Non essential
SPCC1183.06	Non essential
SPAC7D4.12c	Non essential
SPAC22G7.04	Non essential
SPBC354.03	Non essential
SPAC4G9.12	Non essential
SPBC1271.05c	Non essential
SPAC139.01c	Non essential
SPAC17H9.11	Non essential
SPAC328.05	Non essential
SPAC2F7.02c	Non essential
SPAC24B11.08c	Non essential
SPCC794.12c	Non essential
SPBP35G2.05c	Non essential
SPCC645.14c	Non essential
SPAC31G5.09c	Non essential
SPBC2F12.15c	Non essential
SPBC29A10.03c	Non essential
SPBC119.12	Non essential
SPBC18H10.02	Non essential
SPAC1782.08c	Non essential
SPBC19C2.04c	Non essential
SPAC8E11.04c	Non essential
SPBC29B5.02c	Non essential
SPAC1F3.09	Non essential
SPBC8D2.01	Non essential
SPAC17A5.02c	Non essential
SPAC3H1.02c	Non essential
SPCC1672.11c	Non essential
SPAC513.05	Non essential
SPAP27G11.06c	Non essential
SPAC3H1.09c	Non essential
SPBC1685.15c	Non essential
SPAC1071.12c	Non essential
SPBC1271.15c	Non essential
SPCC338.04	Non essential
SPAC14C4.13	Non essential
SPAC3C7.14c	Non essential
SPAC14C4.14	Non essential
SPBC26H8.14c	Non essential
SPCC126.03	Non essential
SPCC16C4.01	Non essential
SPCC16C4.07	Non essential
SPCC1902.01	Non essential
SPCC1902.02	Non essential
SPAC637.11	Non essential
SPBC685.06	Non essential
SPBC1703.08c	Non essential
SPBC1709.13c	Non essential
SPAC30D11.05	Non essential
SPAC4G8.06c	Non essential
SPAC30D11.07	Non essential
SPCC338.07c	Non essential
SPCC613.03	Non essential
SPBC11G11.02c	Non essential
SPAC6C3.02c	Non essential
SPBC36.07	Non essential
SPCC1442.02	Non essential
SPAC1B3.10c	Non essential
SPAC3H5.08c	Non essential
SPBC2D10.03c	Non essential
SPCC1620.12c	Non essential
SPAC27E2.03c	Non essential
SPAC1399.03	Non essential
SPBC21C3.07c	Non essential
SPBC12C2.07c	Non essential
SPCC550.03c	Non essential
SPAC6B12.08	Non essential
SPCC1739.09c	Non essential
SPAP7G5.03	Non essential
SPAC343.06c	Non essential
SPCC1739.10	Non essential
SPAC11E3.01c	Non essential
SPCC18B5.10c	Non essential
SPBC2G5.03	Non essential
SPAC222.14c	Non essential
SPAC2G11.05c	Non essential
SPBPB7E8.02	Non essential
SPBC16C6.08c	Non essential
SPBC25H2.05	Non essential
SPAC167.04	Non essential
SPCC550.07	Non essential
SPAC23C11.02c	Non essential
SPAC167.01	Non essential
SPBC25B2.02c	Non essential
SPCC338.10c	Non essential
SPAC926.05c	Non essential
SPBC2D10.15c	Non essential
SPAC890.03	Non essential
SPAC644.11c	Non essential
SPAPB17E12.03	Non essential
SPAC3G6.05	Non essential
SPBC27.08c	Non essential
SPBC543.10	Non essential
SPBC713.02c	Non essential
SPCC645.02	Non essential
SPBC543.03c	Non essential
SPBC8D2.03c	Non essential
SPAC607.06c	Non essential
SPAC4D7.06c	Non essential
SPBC18H10.16	Non essential
SPBP8B7.27	Non essential
SPBP8B7.25	Non essential
SPBP8B7.23	Non essential
SPBP8B7.21	Non essential
SPBC365.20c	Non essential
SPBC1703.15c	Non essential
SPAC2F3.11	Non essential
SPBP16F5.05c	Non essential
SPAC4G9.02	Non essential
SPBC1105.10	Non essential
SPCC1183.04c	Non essential
SPAC12B10.09	Non essential
SPCC1827.08c	Non essential
SPBC1198.14c	Non essential
SPBC3E7.05c	Non essential
SPCPJ732.01	Non essential
SPCC126.12	Non essential
SPAC17G8.07	Non essential
SPAC19G12.02c	Non essential
SPAC18G6.15	Non essential
SPAC732.02c	Non essential
SPBC6B1.02	Non essential
SPBC902.02c	Non essential
SPAC1556.04c	Non essential
SPAC1952.07	Non essential
SPAC1952.03	Non essential
SPAC1952.02	Non essential
SPBC21C3.08c	Non essential
SPAC3F10.02c	Non essential
SPBC1215.01	Non essential
SPBC19C2.09	Non essential
SPBC8D2.19	Non essential
SPAC4G9.10	Non essential
SPBC8D2.17	Non essential
SPBC337.03	Non essential
SPAC19D5.06c	Non essential
SPAC1093.06c	Non essential
SPAC13G7.12c	Non essential
SPBC3D6.08c	Non essential
SPAC6G10.12c	Non essential
SPAC14C4.03	Non essential
SPBC36.10	Non essential
SPCC338.05c	Non essential
SPAC637.09	Non essential
SPCC18.09c	Non essential
SPBC1347.01c	Non essential
SPCC132.01c	Non essential
SPAC637.06	Non essential
SPAPB1E7.04c	Non essential
SPAC30D11.11	Non essential
SPBC29B5.03c	Non essential
SPAC977.16c	Non essential
SPCC1322.06	Non essential
SPBC2A9.11c	Non essential
SPCC1322.08	Non essential
SPCC1322.09	Non essential
SPCC1259.09c	Non essential
SPBC16A3.08c	Non essential
SPBC26H8.05c	Non essential
SPAC11E3.05	Non essential
SPAC328.03	Non essential
SPAC328.06	Non essential
SPAC328.04	Non essential
SPAC17A5.11	Non essential
SPAC17A5.10	Non essential
SPAC17A5.14	Non essential
SPCC18B5.06	Non essential
SPAC8F11.02c	Non essential
SPBC405.07	Non essential
SPAC631.01c	Non essential
SPAC9G1.05	Non essential
SPBC887.06c	Non essential
SPAC1093.03	Non essential
SPAC1093.02	Non essential
SPAC17D4.03c	Non essential
SPAC6B12.12	Non essential
SPBC1709.10c	Non essential
SPBC947.11c	Non essential
SPAC17A2.06c	Non essential
SPAC17H9.04c	Non essential
SPAC343.19	Non essential
SPCC4B3.04c	Non essential
SPBC12D12.05c	Non essential
SPBP8B7.08c	Non essential
SPAC6F12.10c	Non essential
SPCC1183.05c	Non essential
SPAC32A11.03c	Non essential
SPBC25H2.08c	Non essential
SPBPJ4664.05	Non essential
SPCC1442.08c	Non essential
SPBC13G1.10c	Non essential
SPAC23A1.11	Non essential
SPAC1834.05	Non essential
SPAC23C11.13c	Non essential
SPBC19F8.04c	Non essential
SPAC144.06	Non essential
SPAC4F10.13c	Non essential
SPAC3H1.12c	Non essential
SPBP8B7.31	Non essential
SPBC887.15c	Non essential
SPAC694.03	Non essential
SPAC1142.02c	Non essential
SPBC336.14c	Non essential
SPBC317.01	Non essential
SPAC27E2.02	Non essential
SPBC16G5.16	Non essential
SPBC1105.08	Non essential
SPAC57A7.12	Non essential
SPBC405.06	Non essential
SPCC553.03	Non essential
SPAC17A5.08	Non essential
SPCC965.04c	Non essential
SPAC144.04c	Non essential
SPBC31F10.13c	Non essential
SPAC1B3.05	Non essential
SPCC4B3.02c	Non essential
SPAC1B3.08	Non essential
SPAC25G10.05c	Non essential
SPBC18H10.08c	Non essential
SPAC31G5.14	Non essential
SPAC13G7.13c	Non essential
SPCC18B5.07c	Non essential
SPAC17G8.10c	Non essential
SPBC13G1.03c	Non essential
SPAPB1A11.03	Non essential
SPAC343.10	Non essential
SPAC12B10.04	Non essential
SPAC31G5.19	Non essential
SPAC31G5.15	Non essential
SPCC663.01c	Non essential
SPCC63.02c	Non essential
SPCC1739.06c	Non essential
SPBC23E6.03c	Non essential
SPBC29A3.03c	Non essential
SPAC17G6.05c	Non essential
SPCC126.06	Non essential
SPBC36B7.04	Non essential
SPAC11H11.03c	Non essential
SPCC11E10.06c	Non essential
SPBC405.01	Non essential
SPBC19G7.01c	Non essential
SPAC6F12.04	Non essential
SPCC1223.03c	Non essential
SPAC3H1.13	Non essential
SPBC428.05c	Non essential
SPAC5D6.09c	Non essential
SPAC13A11.06	Non essential
SPAC1687.05	Non essential
SPAC1687.07	Non essential
SPBC216.01c	Non essential
SPCC777.02	Non essential
SPCC14G10.03c	Non essential
SPAC10F6.17c	Non essential
SPAC29B12.02c	Non essential
SPBC342.06c	Non essential
SPAC1783.04c	Non essential
SPCC162.11c	Non essential
SPBC31F10.07	Non essential
SPBC543.05c	Non essential
SPBC27B12.04c	Non essential
SPAC343.04c	Non essential
SPBC902.03	Non essential
SPAC1F5.07c	Non essential
SPCC569.08c	Non essential
SPBC1685.08	Non essential
SPAC25B8.11	Non essential
SPBC1734.08	Non essential
SPBC1734.09	Non essential
SPBC1734.06	Non essential
SPAC9E9.14	Non essential
SPAP7G5.04c	Non essential
SPAC6C3.08	Non essential
SPCC622.17	Non essential
SPCC622.14	Non essential
SPAC17A5.01	Non essential
SPBC24C6.06	Non essential
SPBC24C6.04	Non essential
SPCC320.03	Non essential
SPCC320.05	Non essential
SPAC18B11.07c	Non essential
SPBC12C2.09c	Non essential
SPBC19G7.10c	Non essential
SPAC23H4.01c	Non essential
SPBP4H10.17c	Non essential
SPAC222.12c	Non essential
SPACUNK4.16c	Non essential
SPAC16C9.01c	Non essential
SPBC3D6.10	Non essential
SPBC3D6.15	Non essential
SPBC725.07	Non essential
SPCC18.03	Non essential
SPBC4F6.15c	Non essential
SPAC2G11.07c	Non essential
SPAC13F5.05	Non essential
SPAC3F10.12c	Non essential
SPAC1039.01	Non essential
SPCC1919.13c	Non essential
SPBC530.06c	Non essential
SPAC3G9.05	Non essential
SPAC3G9.02	Non essential
SPAC3G9.03	Non essential
SPBC14F5.11c	Non essential
SPAC3H1.11	Non essential
SPBC3B8.06	Non essential
SPBC3B8.05	Non essential
SPBC3B8.03	Non essential
SPBC3B8.02	Non essential
SPBC725.01	Non essential
SPAC1556.08c	Non essential
SPAPB1A10.09	Non essential
SPBC839.17c	Non essential
SPBC26H8.12	Non essential
SPAC24H6.04	Non essential
SPBC887.18c	Non essential
SPBC11C11.10	Non essential
SPBC1683.07	Non essential
SPAC31A2.06	Non essential
SPAC23C11.14	Non essential
SPAC2C4.14c	Non essential
SPAC1296.04	Non essential
SPAC3H5.05c	Non essential
SPCPJ732.02c	Non essential
SPAC630.09c	Non essential
SPAC20G4.04c	Non essential
SPBC651.11c	Non essential
SPAC926.07c	Non essential
SPBC354.10	Non essential
SPAC31G5.03	Non essential
SPAC22H12.02	Non essential
SPAC22H12.03	Non essential
SPCC965.14c	Non essential
SPAC664.10	Non essential
SPAC1071.05	Non essential
SPAC25B8.15c	Non essential
SPAC140.02	Non essential
SPAC140.01	Non essential
SPAP8A3.14c	Non essential
SPBP23A10.02	Non essential
SPCC1739.05	Non essential
SPAC3A12.12	Non essential
SPAC3A12.10	Non essential
SPBC685.02	Non essential
SPBC19C7.08c	Non essential
SPAC14C4.12c	Non essential
SPCC364.04c	Non essential
SPBC405.03c	Non essential
SPAC24H6.13	Non essential
SPBC17D11.02c	Non essential
SPBC16G5.02c	Non essential
SPAC17G8.13c	Non essential
SPAC6F12.06	Non essential
SPBC16H5.07c	Non essential
SPAC6F12.02	Non essential
SPAC12B10.12c	Non essential
SPCC306.04c	Non essential
SPBC1198.07c	Non essential
SPBC1718.07c	Non essential
SPCC24B10.10c	Non essential
SPCC970.02	Non essential
SPCC970.01	Non essential
SPCC970.06	Non essential
SPCC16A11.01	Non essential
SPBC1773.05c	Non essential
SPACUNK4.08	Non essential
SPAC15F9.02	Non essential
SPAC4G9.09c	Non essential
SPAC23C4.16c	Non essential
SPAC17C9.16c	Non essential
SPCC4F11.04c	Non essential
SPBC6B1.06c	Non essential
SPCC16A11.07	Non essential
SPBC28E12.02	Non essential
SPBC16G5.15c	Non essential
SPBC23G7.07c	Non essential
SPCC1322.16	Non essential
SPBC3F6.01c	Non essential
SPBC23E6.01c	Non essential
SPBC1198.09	Non essential
SPBPB2B2.02	Non essential
SPBC146.04	Non essential
SPAC637.13c	Non essential
SPCC794.07	Non essential
SPCC1682.01	Non essential
SPBC713.07c	Non essential
SPCC320.12	Non essential
SPCC70.03c	Non essential
SPBC9B6.11c	Non essential
SPBC3B8.10c	Non essential
SPBP23A10.11c	Non essential
SPBPB2B2.10c	Non essential
SPBC11C11.11c	Non essential
SPAC13G6.12c	Non essential
SPBC725.05c	Non essential
SPAP27G11.02	Non essential
SPAPYUK71.03c	Non essential
SPBP8B7.09c	Non essential
SPBC16E9.09c	Non essential
SPBC1711.13	Non essential
SPAC31A2.11c	Non essential
SPCC1235.02	Non essential
SPAC1A6.03c	Non essential
SPBC3D6.05	Non essential
SPCC18.13	Non essential
SPCC18.15	Non essential
SPBC725.15	Non essential
SPBC725.14	Non essential
SPBC16E9.14c	Non essential
SPCC1620.08	Non essential
SPBC3D6.09	Non essential
SPBC30D10.04	Non essential
SPAC16E8.06c	Non essential
SPBC1685.14c	Non essential
SPBC14C8.05c	Non essential
SPCC285.16c	Non essential
SPAC227.11c	Non essential
SPAC3G9.17	Non essential
SPAC9E9.13	Non essential
SPAC343.16	Non essential
SPAC343.15	Non essential
SPBP4H10.16c	Non essential
SPBC1105.02c	Non essential
SPBC15D4.07c	Non essential
SPBC1778.07	Non essential
SPCC569.07	Non essential
SPAC630.14c	Non essential
SPCC330.02	Non essential
SPCC1322.05c	Non essential
SPBC211.07c	Non essential
SPBC15C4.04c	Non essential
SPAC23A1.14c	Non essential
SPAC2C4.09	Non essential
SPCC1672.06c	Non essential
SPAC30.02c	Non essential
SPCC364.03	Non essential
SPAC23C11.01	Non essential
SPBC800.03	Non essential
SPBC2F12.05c	Non essential
SPBC14F5.03c	Non essential
SPAC6C3.04	Non essential
SPBC336.03	Non essential
SPCC1183.09c	Non essential
SPCC794.11c	Non essential
SPBC6B1.08c	Non essential
SPAC3H1.07	Non essential
SPAC3H1.05	Non essential
SPBC1271.12	Non essential
SPBC1921.07c	Non essential
SPAC10F6.16	Non essential
SPBC3E7.15c	Non essential
SPCC1672.12c	Non essential
SPBC651.03c	Non essential
SPAC1F3.02c	Non essential
SPCC737.07c	Non essential
SPBP23A10.10	Non essential
SPBPB2B2.13	Non essential
SPAC1834.07	Non essential
SPBP23A10.16	Non essential
SPAC17A2.05	Non essential
SPCC1494.05c	Non essential
SPBC13E7.11	Non essential
SPAC3C7.07c	Non essential
SPAC18G6.10	Non essential
SPAC24H6.03	Non essential
SPBC23G7.06c	Non essential
SPAC6F12.12	Non essential
SPBC2G2.06c	Non essential
SPAC1687.21	Non essential
SPBC342.03	Non essential
SPAC4H3.01	Non essential
SPAC27D7.02c	Non essential
SPBC660.07	Non essential
SPAC8F11.09c	Non essential
SPBC3D6.04c	Non essential
SPAC2F7.17	Non essential
SPAC2F7.11	Non essential
SPBC1604.11	Non essential
SPBC2D10.07c	Non essential
SPBC19G7.02	Non essential
SPAC1D4.11c	Non essential
SPAC3C7.10	Non essential
SPAC57A7.08	Non essential
SPBC12C2.12c	Non essential
SPCC1827.03c	Non essential
SPAC4A8.09c	Non essential
SPAC16E8.01	Non essential
SPAC4A8.14	Non essential
SPAC17C9.14	Non essential
SPCC330.12c	Non essential
SPAC323.05c	Non essential
SPBC106.13	Non essential
SPBC106.10	Non essential
SPCC18.11c	Non essential
SPCP1E11.06	Non essential
SPAP14E8.04	Non essential
SPCP1E11.10	Non essential
SPCP1E11.11	Non essential
SPBC26H8.01	Non essential
SPCC584.02	Non essential
SPAC630.05	Non essential
SPAP27G11.12	Non essential
SPAP27G11.15	Non essential
SPBC18E5.11c	Non essential
SPAC1527.02	Non essential
SPAC26F1.12c	Non essential
SPCC1235.15	Non essential
SPBC1703.04	Non essential
SPBC29B5.04c	Non essential
SPCC1442.15c	Non essential
SPBC30D10.14	Non essential
SPBP23A10.03c	Non essential
SPBC713.11c	Non essential
SPCPB16A4.04c	Non essential
SPBC16C6.01c	Non essential
SPAC227.07c	Non essential
SPCP1E11.02	Non essential
SPCC1235.11	Non essential
SPCC162.05	Non essential
SPCC285.10c	Non essential
SPCC1450.05c	Non essential
SPAC1687.22c	Non essential
SPAC6F6.12	Non essential
SPCC4G3.10c	Non essential
SPAC6F6.17	Non essential
SPBC16D10.06	Non essential
SPBC19C7.02	Non essential
SPBC16A3.12c	Non essential
SPBC409.18	Non essential
SPAC5D6.13	Non essential
SPBC409.10	Non essential
SPAC57A10.12c	Non essential
SPCC1450.06c	Non essential
SPCC1840.05c	Non essential
SPAC30C2.04	Non essential
SPAC30C2.05	Non essential
SPAC227.14	Non essential
SPAPB2B4.04c	Non essential
SPAC18B11.09c	Non essential
SPBC2G5.01	Non essential
SPCC1450.12	Non essential
SPCC584.11c	Non essential
SPCC16C4.10	Non essential
SPAC16C9.04c	Non essential
SPCC550.01c	Non essential
SPBC56F2.09c	Non essential
SPAC9G1.02	Non essential
SPAC167.05	Non essential
SPAC15A10.09c	Non essential
SPBC31F10.16	Non essential
SPAC26F1.04c	Non essential
SPBC776.09	Non essential
SPBC776.05	Non essential
SPAC12G12.13c	Non essential
SPBC26H8.08c	Non essential
SPBC800.09	Non essential
SPAC23H3.03c	Non essential
SPAC1F12.10c	Non essential
SPBC342.05	Non essential
SPCC126.08c	Non essential
SPCC4B3.17	Non essential
SPAC30C2.08	Non essential
SPAC1610.02c	Non essential
SPBC17D11.04c	Non essential
SPBC1D7.05	Non essential
SPCC4B3.16	Non essential
SPBC1778.01c	Non essential
SPBC20F10.06	Non essential
SPBC15C4.02	Non essential
SPBC215.14c	Non essential
SPCC965.11c	Non essential
SPBC2G2.17c	Non essential
SPAPB17E12.05	Non essential
SPAC664.14	Non essential
SPBC660.11	Non essential
SPBC660.10	Non essential
SPBC3B9.04	Non essential
SPAC29A4.11	Non essential
SPCC4B3.10c	Non essential
SPAC637.10c	Non essential
SPBC609.04	Non essential
SPBC17D1.06	Non essential
SPBP4H10.04	Non essential
SPCC4G3.08	Non essential
SPAC3C7.08c	Non essential
SPBC1604.07	Non essential
SPBC609.02	Non essential
SPAC23A1.04c	Non essential
SPAC22H10.04	Non essential
SPBC19C7.04c	Non essential
